arquivo,texto_bruto,texto_limpo,conf_media
C:\Users\isabel_martins\Documents\ASCAN\Comp_Cognitiva\Desafio\runs\predict_python\crops_margem_oito\placa\frame_000000_pad8_0.jpg,HONDUH,HONDUH,-0.8
C:\Users\isabel_martins\Documents\ASCAN\Comp_Cognitiva\Desafio\runs\predict_python\crops_margem_oito\placa\frame_000001_pad8_0.jpg,HONDUH,HONDUH,-0.8
C:\Users\isabel_martins\Documents\ASCAN\Comp_Cognitiva\Desafio\runs\predict_python\crops_margem_oito\placa\frame_000002_pad8_0.jpg,HONDUH,HONDUH,-0.8
C:\Users\isabel_martins\Documents\ASCAN\Comp_Cognitiva\Desafio\runs\predict_python\crops_margem_oito\placa\frame_000003_pad8_0.jpg,HONDUH,HONDUH,-0.8
C:\Users\isabel_martins\Documents\ASCAN\Comp_Cognitiva\Desafio\runs\predict_python\crops_margem_oito\placa\frame_000004_pad8_0.jpg,HONDUH,HONDUH,-0.8
C:\Users\isabel_martins\Documents\ASCAN\Comp_Cognitiva\Desafio\runs\predict_python\crops_margem_oito\placa\frame_000005_pad8_0.jpg,HONDUH,HONDUH,-0.8
C:\Users\isabel_martins\Documents\ASCAN\Comp_Cognitiva\Desafio\runs\predict_python\crops_margem_oito\placa\frame_000006_pad8_0.jpg,HONDUH,HONDUH,-0.8
C:\Users\isabel_martins\Documents\ASCAN\Comp_Cognitiva\Desafio\runs\predict_python\crops_margem_oito\placa\frame_000007_pad8_0.jpg,HONDUH,HONDUH,-0.8
C:\Users\isabel_martins\Documents\ASCAN\Comp_Cognitiva\Desafio\runs\predict_python\crops_margem_oito\placa\frame_000008_pad8_0.jpg,HONDUH,HONDUH,-0.8
C:\Users\isabel_martins\Documents\ASCAN\Comp_Cognitiva\Desafio\runs\predict_python\crops_margem_oito\placa\frame_000009_pad8_0.jpg,HONDUH,HONDUH,-0.8
C:\Users\isabel_martins\Documents\ASCAN\Comp_Cognitiva\Desafio\runs\predict_python\crops_margem_oito\placa\frame_000010_pad8_0.jpg,HONDUH,HONDUH,-0.8
C:\Users\isabel_martins\Documents\ASCAN\Comp_Cognitiva\Desafio\runs\predict_python\crops_margem_oito\placa\frame_000011_pad8_0.jpg,HONDUH,HONDUH,-0.8
C:\Users\isabel_martins\Documents\ASCAN\Comp_Cognitiva\Desafio\runs\predict_python\crops_margem_oito\placa\frame_000012_pad8_0.jpg,HONDUH,HONDUH,-0.8
C:\Users\isabel_martins\Documents\ASCAN\Comp_Cognitiva\Desafio\runs\predict_python\crops_margem_oito\placa\frame_000013_pad8_0.jpg,HONDUH,HONDUH,-0.8
C:\Users\isabel_martins\Documents\ASCAN\Comp_Cognitiva\Desafio\runs\predict_python\crops_margem_oito\placa\frame_000014_pad8_0.jpg,HONDUH,HONDUH,-0.8
C:\Users\isabel_martins\Documents\ASCAN\Comp_Cognitiva\Desafio\runs\predict_python\crops_margem_oito\placa\frame_000015_pad8_0.jpg,HONDUH,HONDUH,-0.8
C:\Users\isabel_martins\Documents\ASCAN\Comp_Cognitiva\Desafio\runs\predict_python\crops_margem_oito\placa\frame_000016_pad8_0.jpg,HONDUH,HONDUH,-0.8
C:\Users\isabel_martins\Documents\ASCAN\Comp_Cognitiva\Desafio\runs\predict_python\crops_margem_oito\placa\frame_000017_pad8_0.jpg,HONDUH,HONDUH,-0.8
C:\Users\isabel_martins\Documents\ASCAN\Comp_Cognitiva\Desafio\runs\predict_python\crops_margem_oito\placa\frame_000018_pad8_0.jpg,HONDUH,HONDUH,-0.8
C:\Users\isabel_martins\Documents\ASCAN\Comp_Cognitiva\Desafio\runs\predict_python\crops_margem_oito\placa\frame_000019_pad8_0.jpg,HONDUH,HONDUH,-0.8
C:\Users\isabel_martins\Documents\ASCAN\Comp_Cognitiva\Desafio\runs\predict_python\crops_margem_oito\placa\frame_000021_pad8_0.jpg,TIMELESS,TIMELESS,15.6
C:\Users\isabel_martins\Documents\ASCAN\Comp_Cognitiva\Desafio\runs\predict_python\crops_margem_oito\placa\frame_000022_pad8_0.jpg,TIMELESS,TIMELESS,5.8
C:\Users\isabel_martins\Documents\ASCAN\Comp_Cognitiva\Desafio\runs\predict_python\crops_margem_oito\placa\frame_000023_pad8_0.jpg,TIMELESS,TIMELESS,5.8
C:\Users\isabel_martins\Documents\ASCAN\Comp_Cognitiva\Desafio\runs\predict_python\crops_margem_oito\placa\frame_000024_pad8_0.jpg,TIMELESS,TIMELESS,5.8
C:\Users\isabel_martins\Documents\ASCAN\Comp_Cognitiva\Desafio\runs\predict_python\crops_margem_oito\placa\frame_000025_pad8_0.jpg,TIMELESS,TIMELESS,5.8
C:\Users\isabel_martins\Documents\ASCAN\Comp_Cognitiva\Desafio\runs\predict_python\crops_margem_oito\placa\frame_000026_pad8_0.jpg,TIMELESS,TIMELESS,5.8
C:\Users\isabel_martins\Documents\ASCAN\Comp_Cognitiva\Desafio\runs\predict_python\crops_margem_oito\placa\frame_000027_pad8_0.jpg,TIMELESS,TIMELESS,5.8
C:\Users\isabel_martins\Documents\ASCAN\Comp_Cognitiva\Desafio\runs\predict_python\crops_margem_oito\placa\frame_000028_pad8_0.jpg,TIMELESS,TIMELESS,5.8
C:\Users\isabel_martins\Documents\ASCAN\Comp_Cognitiva\Desafio\runs\predict_python\crops_margem_oito\placa\frame_000029_pad8_0.jpg,TIMELESS,TIMELESS,5.8
C:\Users\isabel_martins\Documents\ASCAN\Comp_Cognitiva\Desafio\runs\predict_python\crops_margem_oito\placa\frame_000030_pad8_0.jpg,TIMELESS,TIMELESS,5.8
C:\Users\isabel_martins\Documents\ASCAN\Comp_Cognitiva\Desafio\runs\predict_python\crops_margem_oito\placa\frame_000031_pad8_0.jpg,TIMELESS,TIMELESS,5.8
C:\Users\isabel_martins\Documents\ASCAN\Comp_Cognitiva\Desafio\runs\predict_python\crops_margem_oito\placa\frame_000032_pad8_0.jpg,TIMELESS,TIMELESS,5.8
C:\Users\isabel_martins\Documents\ASCAN\Comp_Cognitiva\Desafio\runs\predict_python\crops_margem_oito\placa\frame_000033_pad8_0.jpg,TIMELESS,TIMELESS,5.8
C:\Users\isabel_martins\Documents\ASCAN\Comp_Cognitiva\Desafio\runs\predict_python\crops_margem_oito\placa\frame_000034_pad8_0.jpg,TIMELESS,TIMELESS,5.8
C:\Users\isabel_martins\Documents\ASCAN\Comp_Cognitiva\Desafio\runs\predict_python\crops_margem_oito\placa\frame_000035_pad8_0.jpg,TIMELESS,TIMELESS,5.8
C:\Users\isabel_martins\Documents\ASCAN\Comp_Cognitiva\Desafio\runs\predict_python\crops_margem_oito\placa\frame_000036_pad8_0.jpg,TIMELESS,TIMELESS,5.8
C:\Users\isabel_martins\Documents\ASCAN\Comp_Cognitiva\Desafio\runs\predict_python\crops_margem_oito\placa\frame_000037_pad8_0.jpg,TIMELESS,TIMELESS,5.8
C:\Users\isabel_martins\Documents\ASCAN\Comp_Cognitiva\Desafio\runs\predict_python\crops_margem_oito\placa\frame_000038_pad8_0.jpg,TIMELESS,TIMELESS,5.8
C:\Users\isabel_martins\Documents\ASCAN\Comp_Cognitiva\Desafio\runs\predict_python\crops_margem_oito\placa\frame_000039_pad8_0.jpg,TIMELESS,TIMELESS,5.8
C:\Users\isabel_martins\Documents\ASCAN\Comp_Cognitiva\Desafio\runs\predict_python\crops_margem_oito\placa\frame_000040_pad8_0.jpg,TIMELESS,TIMELESS,5.8
C:\Users\isabel_martins\Documents\ASCAN\Comp_Cognitiva\Desafio\runs\predict_python\crops_margem_oito\placa\frame_000041_pad8_0.jpg,TIMELESS,TIMELESS,5.8
C:\Users\isabel_martins\Documents\ASCAN\Comp_Cognitiva\Desafio\runs\predict_python\crops_margem_oito\placa\frame_000042_pad8_0.jpg,TIMELESS,TIMELESS,5.8
C:\Users\isabel_martins\Documents\ASCAN\Comp_Cognitiva\Desafio\runs\predict_python\crops_margem_oito\placa\frame_000043_pad8_0.jpg,EEWABUG,EEWABUG,-0.8
C:\Users\isabel_martins\Documents\ASCAN\Comp_Cognitiva\Desafio\runs\predict_python\crops_margem_oito\placa\frame_000044_pad8_0.jpg,EEWABUG,EEWABUG,-0.8
C:\Users\isabel_martins\Documents\ASCAN\Comp_Cognitiva\Desafio\runs\predict_python\crops_margem_oito\placa\frame_000045_pad8_0.jpg,EEWABUG,EEWABUG,-0.8
C:\Users\isabel_martins\Documents\ASCAN\Comp_Cognitiva\Desafio\runs\predict_python\crops_margem_oito\placa\frame_000046_pad8_0.jpg,EEWABUG,EEWABUG,-0.8
C:\Users\isabel_martins\Documents\ASCAN\Comp_Cognitiva\Desafio\runs\predict_python\crops_margem_oito\placa\frame_000047_pad8_0.jpg,EEWABUG,EEWABUG,-0.8
C:\Users\isabel_martins\Documents\ASCAN\Comp_Cognitiva\Desafio\runs\predict_python\crops_margem_oito\placa\frame_000048_pad8_0.jpg,EEWABUG,EEWABUG,-0.8
C:\Users\isabel_martins\Documents\ASCAN\Comp_Cognitiva\Desafio\runs\predict_python\crops_margem_oito\placa\frame_000049_pad8_0.jpg,EEWABUG,EEWABUG,-0.8
C:\Users\isabel_martins\Documents\ASCAN\Comp_Cognitiva\Desafio\runs\predict_python\crops_margem_oito\placa\frame_000050_pad8_0.jpg,EEWABUG,EEWABUG,-0.8
C:\Users\isabel_martins\Documents\ASCAN\Comp_Cognitiva\Desafio\runs\predict_python\crops_margem_oito\placa\frame_000051_pad8_0.jpg,EEWABUG,EEWABUG,-0.8
C:\Users\isabel_martins\Documents\ASCAN\Comp_Cognitiva\Desafio\runs\predict_python\crops_margem_oito\placa\frame_000052_pad8_0.jpg,EEWABUG,EEWABUG,-0.8
C:\Users\isabel_martins\Documents\ASCAN\Comp_Cognitiva\Desafio\runs\predict_python\crops_margem_oito\placa\frame_000053_pad8_0.jpg,EEWABUG,EEWABUG,-0.8
C:\Users\isabel_martins\Documents\ASCAN\Comp_Cognitiva\Desafio\runs\predict_python\crops_margem_oito\placa\frame_000054_pad8_0.jpg,FFWABUG,FFWABUG,-0.8
C:\Users\isabel_martins\Documents\ASCAN\Comp_Cognitiva\Desafio\runs\predict_python\crops_margem_oito\placa\frame_000055_pad8_0.jpg,FFWABUG,FFWABUG,-0.8
C:\Users\isabel_martins\Documents\ASCAN\Comp_Cognitiva\Desafio\runs\predict_python\crops_margem_oito\placa\frame_000056_pad8_0.jpg,FFWABUG,FFWABUG,-0.8
C:\Users\isabel_martins\Documents\ASCAN\Comp_Cognitiva\Desafio\runs\predict_python\crops_margem_oito\placa\frame_000057_pad8_0.jpg,FFWABUG,FFWABUG,-0.8
C:\Users\isabel_martins\Documents\ASCAN\Comp_Cognitiva\Desafio\runs\predict_python\crops_margem_oito\placa\frame_000058_pad8_0.jpg,FFWABUG,FFWABUG,-0.8
C:\Users\isabel_martins\Documents\ASCAN\Comp_Cognitiva\Desafio\runs\predict_python\crops_margem_oito\placa\frame_000059_pad8_0.jpg,FFWABUG,FFWABUG,-0.8
C:\Users\isabel_martins\Documents\ASCAN\Comp_Cognitiva\Desafio\runs\predict_python\crops_margem_oito\placa\frame_000060_pad8_0.jpg,FFWABUG,FFWABUG,-0.8
C:\Users\isabel_martins\Documents\ASCAN\Comp_Cognitiva\Desafio\runs\predict_python\crops_margem_oito\placa\frame_000061_pad8_0.jpg,PIKACHU,PIKACHU,18.2
C:\Users\isabel_martins\Documents\ASCAN\Comp_Cognitiva\Desafio\runs\predict_python\crops_margem_oito\placa\frame_000062_pad8_0.jpg,PIKACHU,PIKACHU,18.2
C:\Users\isabel_martins\Documents\ASCAN\Comp_Cognitiva\Desafio\runs\predict_python\crops_margem_oito\placa\frame_000063_pad8_0.jpg,PIKACHU,PIKACHU,18.2
C:\Users\isabel_martins\Documents\ASCAN\Comp_Cognitiva\Desafio\runs\predict_python\crops_margem_oito\placa\frame_000064_pad8_0.jpg,PIKACHU,PIKACHU,18.2
C:\Users\isabel_martins\Documents\ASCAN\Comp_Cognitiva\Desafio\runs\predict_python\crops_margem_oito\placa\frame_000065_pad8_0.jpg,PIKACHU,PIKACHU,18.2
C:\Users\isabel_martins\Documents\ASCAN\Comp_Cognitiva\Desafio\runs\predict_python\crops_margem_oito\placa\frame_000066_pad8_0.jpg,PIKACHU,PIKACHU,18.2
C:\Users\isabel_martins\Documents\ASCAN\Comp_Cognitiva\Desafio\runs\predict_python\crops_margem_oito\placa\frame_000067_pad8_0.jpg,PIKACHU,PIKACHU,18.2
C:\Users\isabel_martins\Documents\ASCAN\Comp_Cognitiva\Desafio\runs\predict_python\crops_margem_oito\placa\frame_000068_pad8_0.jpg,PIKACHU,PIKACHU,18.2
C:\Users\isabel_martins\Documents\ASCAN\Comp_Cognitiva\Desafio\runs\predict_python\crops_margem_oito\placa\frame_000069_pad8_0.jpg,PIKACHU,PIKACHU,18.2
C:\Users\isabel_martins\Documents\ASCAN\Comp_Cognitiva\Desafio\runs\predict_python\crops_margem_oito\placa\frame_000070_pad8_0.jpg,PIKACHU,PIKACHU,18.2
C:\Users\isabel_martins\Documents\ASCAN\Comp_Cognitiva\Desafio\runs\predict_python\crops_margem_oito\placa\frame_000071_pad8_0.jpg,PIKACHU,PIKACHU,18.2
C:\Users\isabel_martins\Documents\ASCAN\Comp_Cognitiva\Desafio\runs\predict_python\crops_margem_oito\placa\frame_000072_pad8_0.jpg,PIKACHU,PIKACHU,18.2
C:\Users\isabel_martins\Documents\ASCAN\Comp_Cognitiva\Desafio\runs\predict_python\crops_margem_oito\placa\frame_000073_pad8_0.jpg,PIKACHU,PIKACHU,18.2
C:\Users\isabel_martins\Documents\ASCAN\Comp_Cognitiva\Desafio\runs\predict_python\crops_margem_oito\placa\frame_000074_pad8_0.jpg,PIKACHU,PIKACHU,18.2
C:\Users\isabel_martins\Documents\ASCAN\Comp_Cognitiva\Desafio\runs\predict_python\crops_margem_oito\placa\frame_000075_pad8_0.jpg,PIKACHU,PIKACHU,18.2
C:\Users\isabel_martins\Documents\ASCAN\Comp_Cognitiva\Desafio\runs\predict_python\crops_margem_oito\placa\frame_000076_pad8_0.jpg,PIKACHU,PIKACHU,18.2
C:\Users\isabel_martins\Documents\ASCAN\Comp_Cognitiva\Desafio\runs\predict_python\crops_margem_oito\placa\frame_000077_pad8_0.jpg,PIKACHU,PIKACHU,18.2
C:\Users\isabel_martins\Documents\ASCAN\Comp_Cognitiva\Desafio\runs\predict_python\crops_margem_oito\placa\frame_000078_pad8_0.jpg,PIKACHU,PIKACHU,18.2
C:\Users\isabel_martins\Documents\ASCAN\Comp_Cognitiva\Desafio\runs\predict_python\crops_margem_oito\placa\frame_000079_pad8_0.jpg,PIKACHU,PIKACHU,18.2
C:\Users\isabel_martins\Documents\ASCAN\Comp_Cognitiva\Desafio\runs\predict_python\crops_margem_oito\placa\frame_000080_pad8_0.jpg,,,-1.0
C:\Users\isabel_martins\Documents\ASCAN\Comp_Cognitiva\Desafio\runs\predict_python\crops_margem_oito\placa\frame_000081_pad8_0.jpg,,,-1.0
C:\Users\isabel_martins\Documents\ASCAN\Comp_Cognitiva\Desafio\runs\predict_python\crops_margem_oito\placa\frame_000082_pad8_0.jpg,,,-1.0
C:\Users\isabel_martins\Documents\ASCAN\Comp_Cognitiva\Desafio\runs\predict_python\crops_margem_oito\placa\frame_000083_pad8_0.jpg,,,-1.0
C:\Users\isabel_martins\Documents\ASCAN\Comp_Cognitiva\Desafio\runs\predict_python\crops_margem_oito\placa\frame_000084_pad8_0.jpg,,,-1.0
C:\Users\isabel_martins\Documents\ASCAN\Comp_Cognitiva\Desafio\runs\predict_python\crops_margem_oito\placa\frame_000085_pad8_0.jpg,,,-1.0
C:\Users\isabel_martins\Documents\ASCAN\Comp_Cognitiva\Desafio\runs\predict_python\crops_margem_oito\placa\frame_000086_pad8_0.jpg,,,-1.0
C:\Users\isabel_martins\Documents\ASCAN\Comp_Cognitiva\Desafio\runs\predict_python\crops_margem_oito\placa\frame_000087_pad8_0.jpg,,,-1.0
C:\Users\isabel_martins\Documents\ASCAN\Comp_Cognitiva\Desafio\runs\predict_python\crops_margem_oito\placa\frame_000088_pad8_0.jpg,,,-1.0
C:\Users\isabel_martins\Documents\ASCAN\Comp_Cognitiva\Desafio\runs\predict_python\crops_margem_oito\placa\frame_000089_pad8_0.jpg,,,-1.0
C:\Users\isabel_martins\Documents\ASCAN\Comp_Cognitiva\Desafio\runs\predict_python\crops_margem_oito\placa\frame_000090_pad8_0.jpg,,,-1.0
C:\Users\isabel_martins\Documents\ASCAN\Comp_Cognitiva\Desafio\runs\predict_python\crops_margem_oito\placa\frame_000091_pad8_0.jpg,,,-1.0
C:\Users\isabel_martins\Documents\ASCAN\Comp_Cognitiva\Desafio\runs\predict_python\crops_margem_oito\placa\frame_000092_pad8_0.jpg,,,-1.0
C:\Users\isabel_martins\Documents\ASCAN\Comp_Cognitiva\Desafio\runs\predict_python\crops_margem_oito\placa\frame_000093_pad8_0.jpg,,,-1.0
C:\Users\isabel_martins\Documents\ASCAN\Comp_Cognitiva\Desafio\runs\predict_python\crops_margem_oito\placa\frame_000094_pad8_0.jpg,,,-1.0
C:\Users\isabel_martins\Documents\ASCAN\Comp_Cognitiva\Desafio\runs\predict_python\crops_margem_oito\placa\frame_000095_pad8_0.jpg,,,-1.0
C:\Users\isabel_martins\Documents\ASCAN\Comp_Cognitiva\Desafio\runs\predict_python\crops_margem_oito\placa\frame_000096_pad8_0.jpg,,,-1.0
C:\Users\isabel_martins\Documents\ASCAN\Comp_Cognitiva\Desafio\runs\predict_python\crops_margem_oito\placa\frame_000097_pad8_0.jpg,,,-1.0
C:\Users\isabel_martins\Documents\ASCAN\Comp_Cognitiva\Desafio\runs\predict_python\crops_margem_oito\placa\frame_000098_pad8_0.jpg,,,-1.0
C:\Users\isabel_martins\Documents\ASCAN\Comp_Cognitiva\Desafio\runs\predict_python\crops_margem_oito\placa\frame_000099_pad8_0.jpg,,,-1.0
C:\Users\isabel_martins\Documents\ASCAN\Comp_Cognitiva\Desafio\runs\predict_python\crops_margem_oito\placa\frame_000100_pad8_0.jpg,,,-1.0
C:\Users\isabel_martins\Documents\ASCAN\Comp_Cognitiva\Desafio\runs\predict_python\crops_margem_oito\placa\frame_000101_pad8_0.jpg,BOS,BOS,9.4
C:\Users\isabel_martins\Documents\ASCAN\Comp_Cognitiva\Desafio\runs\predict_python\crops_margem_oito\placa\frame_000102_pad8_0.jpg,BOS,BOS,9.2
C:\Users\isabel_martins\Documents\ASCAN\Comp_Cognitiva\Desafio\runs\predict_python\crops_margem_oito\placa\frame_000103_pad8_0.jpg,BOS,BOS,9.2
C:\Users\isabel_martins\Documents\ASCAN\Comp_Cognitiva\Desafio\runs\predict_python\crops_margem_oito\placa\frame_000104_pad8_0.jpg,BOS,BOS,9.2
C:\Users\isabel_martins\Documents\ASCAN\Comp_Cognitiva\Desafio\runs\predict_python\crops_margem_oito\placa\frame_000105_pad8_0.jpg,BOS,BOS,9.2
C:\Users\isabel_martins\Documents\ASCAN\Comp_Cognitiva\Desafio\runs\predict_python\crops_margem_oito\placa\frame_000106_pad8_0.jpg,BOS,BOS,9.2
C:\Users\isabel_martins\Documents\ASCAN\Comp_Cognitiva\Desafio\runs\predict_python\crops_margem_oito\placa\frame_000107_pad8_0.jpg,,,-1.0
C:\Users\isabel_martins\Documents\ASCAN\Comp_Cognitiva\Desafio\runs\predict_python\crops_margem_oito\placa\frame_000108_pad8_0.jpg,,,-1.0
C:\Users\isabel_martins\Documents\ASCAN\Comp_Cognitiva\Desafio\runs\predict_python\crops_margem_oito\placa\frame_000109_pad8_0.jpg,,,-1.0
C:\Users\isabel_martins\Documents\ASCAN\Comp_Cognitiva\Desafio\runs\predict_python\crops_margem_oito\placa\frame_000110_pad8_0.jpg,,,-1.0
C:\Users\isabel_martins\Documents\ASCAN\Comp_Cognitiva\Desafio\runs\predict_python\crops_margem_oito\placa\frame_000111_pad8_0.jpg,,,-1.0
C:\Users\isabel_martins\Documents\ASCAN\Comp_Cognitiva\Desafio\runs\predict_python\crops_margem_oito\placa\frame_000112_pad8_0.jpg,,,-1.0
C:\Users\isabel_martins\Documents\ASCAN\Comp_Cognitiva\Desafio\runs\predict_python\crops_margem_oito\placa\frame_000113_pad8_0.jpg,,,-1.0
C:\Users\isabel_martins\Documents\ASCAN\Comp_Cognitiva\Desafio\runs\predict_python\crops_margem_oito\placa\frame_000114_pad8_0.jpg,,,-1.0
C:\Users\isabel_martins\Documents\ASCAN\Comp_Cognitiva\Desafio\runs\predict_python\crops_margem_oito\placa\frame_000115_pad8_0.jpg,,,-1.0
C:\Users\isabel_martins\Documents\ASCAN\Comp_Cognitiva\Desafio\runs\predict_python\crops_margem_oito\placa\frame_000116_pad8_0.jpg,,,-1.0
C:\Users\isabel_martins\Documents\ASCAN\Comp_Cognitiva\Desafio\runs\predict_python\crops_margem_oito\placa\frame_000117_pad8_0.jpg,,,-1.0
C:\Users\isabel_martins\Documents\ASCAN\Comp_Cognitiva\Desafio\runs\predict_python\crops_margem_oito\placa\frame_000118_pad8_0.jpg,OF ZELDA,OFZELDA,22.0
C:\Users\isabel_martins\Documents\ASCAN\Comp_Cognitiva\Desafio\runs\predict_python\crops_margem_oito\placa\frame_000119_pad8_0.jpg,OF ZELDA,OFZELDA,22.0
C:\Users\isabel_martins\Documents\ASCAN\Comp_Cognitiva\Desafio\runs\predict_python\crops_margem_oito\placa\frame_000120_pad8_0.jpg,OF ZELDA,OFZELDA,22.0
C:\Users\isabel_martins\Documents\ASCAN\Comp_Cognitiva\Desafio\runs\predict_python\crops_margem_oito\placa\frame_000121_pad8_0.jpg,OF ZELDA,OFZELDA,22.0
C:\Users\isabel_martins\Documents\ASCAN\Comp_Cognitiva\Desafio\runs\predict_python\crops_margem_oito\placa\frame_000122_pad8_0.jpg,OF ZELDA,OFZELDA,22.0
C:\Users\isabel_martins\Documents\ASCAN\Comp_Cognitiva\Desafio\runs\predict_python\crops_margem_oito\placa\frame_000123_pad8_0.jpg,OF ZELDA,OFZELDA,22.0
C:\Users\isabel_martins\Documents\ASCAN\Comp_Cognitiva\Desafio\runs\predict_python\crops_margem_oito\placa\frame_000124_pad8_0.jpg,OF ZELDA,OFZELDA,22.0
C:\Users\isabel_martins\Documents\ASCAN\Comp_Cognitiva\Desafio\runs\predict_python\crops_margem_oito\placa\frame_000125_pad8_0.jpg,OF ZELDA,OFZELDA,22.0
C:\Users\isabel_martins\Documents\ASCAN\Comp_Cognitiva\Desafio\runs\predict_python\crops_margem_oito\placa\frame_000126_pad8_0.jpg,OF ZELDA,OFZELDA,22.0
C:\Users\isabel_martins\Documents\ASCAN\Comp_Cognitiva\Desafio\runs\predict_python\crops_margem_oito\placa\frame_000127_pad8_0.jpg,OF ZELDA,OFZELDA,22.0
C:\Users\isabel_martins\Documents\ASCAN\Comp_Cognitiva\Desafio\runs\predict_python\crops_margem_oito\placa\frame_000128_pad8_0.jpg,OF ZELDA,OFZELDA,22.0
C:\Users\isabel_martins\Documents\ASCAN\Comp_Cognitiva\Desafio\runs\predict_python\crops_margem_oito\placa\frame_000129_pad8_0.jpg,OF ZELDA,OFZELDA,22.0
C:\Users\isabel_martins\Documents\ASCAN\Comp_Cognitiva\Desafio\runs\predict_python\crops_margem_oito\placa\frame_000130_pad8_0.jpg,OF ZELDA,OFZELDA,22.0
C:\Users\isabel_martins\Documents\ASCAN\Comp_Cognitiva\Desafio\runs\predict_python\crops_margem_oito\placa\frame_000131_pad8_0.jpg,OF ZELDA,OFZELDA,22.0
C:\Users\isabel_martins\Documents\ASCAN\Comp_Cognitiva\Desafio\runs\predict_python\crops_margem_oito\placa\frame_000132_pad8_0.jpg,OF ZELDA,OFZELDA,22.0
C:\Users\isabel_martins\Documents\ASCAN\Comp_Cognitiva\Desafio\runs\predict_python\crops_margem_oito\placa\frame_000133_pad8_0.jpg,OF ZELDA,OFZELDA,22.0
C:\Users\isabel_martins\Documents\ASCAN\Comp_Cognitiva\Desafio\runs\predict_python\crops_margem_oito\placa\frame_000134_pad8_0.jpg,OF ZELDA,OFZELDA,22.0
C:\Users\isabel_martins\Documents\ASCAN\Comp_Cognitiva\Desafio\runs\predict_python\crops_margem_oito\placa\frame_000135_pad8_0.jpg,OF ZELDA,OFZELDA,22.0
C:\Users\isabel_martins\Documents\ASCAN\Comp_Cognitiva\Desafio\runs\predict_python\crops_margem_oito\placa\frame_000136_pad8_0.jpg,OF ZELDA,OFZELDA,22.0
C:\Users\isabel_martins\Documents\ASCAN\Comp_Cognitiva\Desafio\runs\predict_python\crops_margem_oito\placa\frame_000137_pad8_0.jpg,OF ZELDA,OFZELDA,22.0
C:\Users\isabel_martins\Documents\ASCAN\Comp_Cognitiva\Desafio\runs\predict_python\crops_margem_oito\placa\frame_000138_pad8_0.jpg,OF ZELDA,OFZELDA,22.0
C:\Users\isabel_martins\Documents\ASCAN\Comp_Cognitiva\Desafio\runs\predict_python\crops_margem_oito\placa\frame_000139_pad8_0.jpg,OF ZELDA,OFZELDA,22.0
C:\Users\isabel_martins\Documents\ASCAN\Comp_Cognitiva\Desafio\runs\predict_python\crops_margem_oito\placa\frame_000140_pad8_0.jpg,OF ZELDA,OFZELDA,22.0
C:\Users\isabel_martins\Documents\ASCAN\Comp_Cognitiva\Desafio\runs\predict_python\crops_margem_oito\placa\frame_000141_pad8_0.jpg,OF ZELDA,OFZELDA,22.0
C:\Users\isabel_martins\Documents\ASCAN\Comp_Cognitiva\Desafio\runs\predict_python\crops_margem_oito\placa\frame_000142_pad8_0.jpg,OF ZELDA,OFZELDA,22.0
C:\Users\isabel_martins\Documents\ASCAN\Comp_Cognitiva\Desafio\runs\predict_python\crops_margem_oito\placa\frame_000143_pad8_0.jpg,OF ZELDA,OFZELDA,22.0
C:\Users\isabel_martins\Documents\ASCAN\Comp_Cognitiva\Desafio\runs\predict_python\crops_margem_oito\placa\frame_000144_pad8_0.jpg,OF ZELDA,OFZELDA,22.0
C:\Users\isabel_martins\Documents\ASCAN\Comp_Cognitiva\Desafio\runs\predict_python\crops_margem_oito\placa\frame_000145_pad8_0.jpg,OF ZELDA,OFZELDA,22.0
C:\Users\isabel_martins\Documents\ASCAN\Comp_Cognitiva\Desafio\runs\predict_python\crops_margem_oito\placa\frame_000146_pad8_0.jpg,JE40,JE40,-0.8
C:\Users\isabel_martins\Documents\ASCAN\Comp_Cognitiva\Desafio\runs\predict_python\crops_margem_oito\placa\frame_000147_pad8_0.jpg,JE40,JE40,-0.8
C:\Users\isabel_martins\Documents\ASCAN\Comp_Cognitiva\Desafio\runs\predict_python\crops_margem_oito\placa\frame_000148_pad8_0.jpg,JE40,JE40,-0.8
C:\Users\isabel_martins\Documents\ASCAN\Comp_Cognitiva\Desafio\runs\predict_python\crops_margem_oito\placa\frame_000149_pad8_0.jpg,JE40,JE40,-0.8
C:\Users\isabel_martins\Documents\ASCAN\Comp_Cognitiva\Desafio\runs\predict_python\crops_margem_oito\placa\frame_000150_pad8_0.jpg,JE40,JE40,-0.8
C:\Users\isabel_martins\Documents\ASCAN\Comp_Cognitiva\Desafio\runs\predict_python\crops_margem_oito\placa\frame_000151_pad8_0.jpg,JE40,JE40,-0.8
C:\Users\isabel_martins\Documents\ASCAN\Comp_Cognitiva\Desafio\runs\predict_python\crops_margem_oito\placa\frame_000152_pad8_0.jpg,JE40,JE40,-0.8
C:\Users\isabel_martins\Documents\ASCAN\Comp_Cognitiva\Desafio\runs\predict_python\crops_margem_oito\placa\frame_000153_pad8_0.jpg,JE40,JE40,-0.8
C:\Users\isabel_martins\Documents\ASCAN\Comp_Cognitiva\Desafio\runs\predict_python\crops_margem_oito\placa\frame_000154_pad8_0.jpg,JE40,JE40,-0.8
C:\Users\isabel_martins\Documents\ASCAN\Comp_Cognitiva\Desafio\runs\predict_python\crops_margem_oito\placa\frame_000155_pad8_0.jpg,JE40,JE40,-0.8
C:\Users\isabel_martins\Documents\ASCAN\Comp_Cognitiva\Desafio\runs\predict_python\crops_margem_oito\placa\frame_000156_pad8_0.jpg,JE40,JE40,-0.8
C:\Users\isabel_martins\Documents\ASCAN\Comp_Cognitiva\Desafio\runs\predict_python\crops_margem_oito\placa\frame_000157_pad8_0.jpg,JE40,JE40,-0.8
C:\Users\isabel_martins\Documents\ASCAN\Comp_Cognitiva\Desafio\runs\predict_python\crops_margem_oito\placa\frame_000158_pad8_0.jpg,JE40,JE40,-0.8
C:\Users\isabel_martins\Documents\ASCAN\Comp_Cognitiva\Desafio\runs\predict_python\crops_margem_oito\placa\frame_000159_pad8_0.jpg,JE40,JE40,-0.8
C:\Users\isabel_martins\Documents\ASCAN\Comp_Cognitiva\Desafio\runs\predict_python\crops_margem_oito\placa\frame_000160_pad8_0.jpg,E 401K,E401K,12.8
C:\Users\isabel_martins\Documents\ASCAN\Comp_Cognitiva\Desafio\runs\predict_python\crops_margem_oito\placa\frame_000161_pad8_0.jpg,MUAHAHA,MUAHAHA,4.2
C:\Users\isabel_martins\Documents\ASCAN\Comp_Cognitiva\Desafio\runs\predict_python\crops_margem_oito\placa\frame_000162_pad8_0.jpg,MUAHAHA,MUAHAHA,4.2
C:\Users\isabel_martins\Documents\ASCAN\Comp_Cognitiva\Desafio\runs\predict_python\crops_margem_oito\placa\frame_000163_pad8_0.jpg,MUAHAHA,MUAHAHA,4.2
C:\Users\isabel_martins\Documents\ASCAN\Comp_Cognitiva\Desafio\runs\predict_python\crops_margem_oito\placa\frame_000164_pad8_0.jpg,MUAHAHA,MUAHAHA,4.2
C:\Users\isabel_martins\Documents\ASCAN\Comp_Cognitiva\Desafio\runs\predict_python\crops_margem_oito\placa\frame_000165_pad8_0.jpg,MUAHAHA,MUAHAHA,4.2
C:\Users\isabel_martins\Documents\ASCAN\Comp_Cognitiva\Desafio\runs\predict_python\crops_margem_oito\placa\frame_000166_pad8_0.jpg,MUAHAHA,MUAHAHA,4.2
C:\Users\isabel_martins\Documents\ASCAN\Comp_Cognitiva\Desafio\runs\predict_python\crops_margem_oito\placa\frame_000167_pad8_0.jpg,MUAHAHA,MUAHAHA,4.2
C:\Users\isabel_martins\Documents\ASCAN\Comp_Cognitiva\Desafio\runs\predict_python\crops_margem_oito\placa\frame_000168_pad8_0.jpg,MUAHAHA,MUAHAHA,4.2
C:\Users\isabel_martins\Documents\ASCAN\Comp_Cognitiva\Desafio\runs\predict_python\crops_margem_oito\placa\frame_000169_pad8_0.jpg,MUAHAHA,MUAHAHA,4.2
C:\Users\isabel_martins\Documents\ASCAN\Comp_Cognitiva\Desafio\runs\predict_python\crops_margem_oito\placa\frame_000170_pad8_0.jpg,MUAHAHA,MUAHAHA,4.2
C:\Users\isabel_martins\Documents\ASCAN\Comp_Cognitiva\Desafio\runs\predict_python\crops_margem_oito\placa\frame_000171_pad8_0.jpg,MUAHAHA,MUAHAHA,4.2
C:\Users\isabel_martins\Documents\ASCAN\Comp_Cognitiva\Desafio\runs\predict_python\crops_margem_oito\placa\frame_000172_pad8_0.jpg,MUAHAHA,MUAHAHA,4.2
C:\Users\isabel_martins\Documents\ASCAN\Comp_Cognitiva\Desafio\runs\predict_python\crops_margem_oito\placa\frame_000173_pad8_0.jpg,MUAHAHA,MUAHAHA,4.2
C:\Users\isabel_martins\Documents\ASCAN\Comp_Cognitiva\Desafio\runs\predict_python\crops_margem_oito\placa\frame_000174_pad8_0.jpg,MUAHAHA,MUAHAHA,4.2
C:\Users\isabel_martins\Documents\ASCAN\Comp_Cognitiva\Desafio\runs\predict_python\crops_margem_oito\placa\frame_000175_pad8_0.jpg,MUAHAHA,MUAHAHA,4.2
C:\Users\isabel_martins\Documents\ASCAN\Comp_Cognitiva\Desafio\runs\predict_python\crops_margem_oito\placa\frame_000176_pad8_0.jpg,MUAHAHA,MUAHAHA,4.2
C:\Users\isabel_martins\Documents\ASCAN\Comp_Cognitiva\Desafio\runs\predict_python\crops_margem_oito\placa\frame_000177_pad8_0.jpg,MUAHAHA,MUAHAHA,4.2
C:\Users\isabel_martins\Documents\ASCAN\Comp_Cognitiva\Desafio\runs\predict_python\crops_margem_oito\placa\frame_000178_pad8_0.jpg,MUAHAHA,MUAHAHA,4.2
C:\Users\isabel_martins\Documents\ASCAN\Comp_Cognitiva\Desafio\runs\predict_python\crops_margem_oito\placa\frame_000179_pad8_0.jpg,MUAHAHA,MUAHAHA,4.2
C:\Users\isabel_martins\Documents\ASCAN\Comp_Cognitiva\Desafio\runs\predict_python\crops_margem_oito\placa\frame_000180_pad8_0.jpg,MUAHAHA,MUAHAHA,4.2
C:\Users\isabel_martins\Documents\ASCAN\Comp_Cognitiva\Desafio\runs\predict_python\crops_margem_oito\placa\frame_000181_pad8_0.jpg,MUAHAHA,MUAHAHA,4.2
C:\Users\isabel_martins\Documents\ASCAN\Comp_Cognitiva\Desafio\runs\predict_python\crops_margem_oito\placa\frame_000182_pad8_0.jpg,MUAHAHA,MUAHAHA,4.2
C:\Users\isabel_martins\Documents\ASCAN\Comp_Cognitiva\Desafio\runs\predict_python\crops_margem_oito\placa\frame_000183_pad8_0.jpg,MUAHAHA,MUAHAHA,4.2
C:\Users\isabel_martins\Documents\ASCAN\Comp_Cognitiva\Desafio\runs\predict_python\crops_margem_oito\placa\frame_000184_pad8_0.jpg,NK,NK,10.0
C:\Users\isabel_martins\Documents\ASCAN\Comp_Cognitiva\Desafio\runs\predict_python\crops_margem_oito\placa\frame_000185_pad8_0.jpg,NK,NK,10.0
C:\Users\isabel_martins\Documents\ASCAN\Comp_Cognitiva\Desafio\runs\predict_python\crops_margem_oito\placa\frame_000186_pad8_0.jpg,NK,NK,10.0
C:\Users\isabel_martins\Documents\ASCAN\Comp_Cognitiva\Desafio\runs\predict_python\crops_margem_oito\placa\frame_000187_pad8_0.jpg,NK,NK,10.0
C:\Users\isabel_martins\Documents\ASCAN\Comp_Cognitiva\Desafio\runs\predict_python\crops_margem_oito\placa\frame_000188_pad8_0.jpg,NK,NK,10.0
C:\Users\isabel_martins\Documents\ASCAN\Comp_Cognitiva\Desafio\runs\predict_python\crops_margem_oito\placa\frame_000189_pad8_0.jpg,NK,NK,10.0
C:\Users\isabel_martins\Documents\ASCAN\Comp_Cognitiva\Desafio\runs\predict_python\crops_margem_oito\placa\frame_000190_pad8_0.jpg,NK,NK,10.0
C:\Users\isabel_martins\Documents\ASCAN\Comp_Cognitiva\Desafio\runs\predict_python\crops_margem_oito\placa\frame_000191_pad8_0.jpg,NK,NK,10.0
C:\Users\isabel_martins\Documents\ASCAN\Comp_Cognitiva\Desafio\runs\predict_python\crops_margem_oito\placa\frame_000192_pad8_0.jpg,NK,NK,10.0
C:\Users\isabel_martins\Documents\ASCAN\Comp_Cognitiva\Desafio\runs\predict_python\crops_margem_oito\placa\frame_000193_pad8_0.jpg,NK,NK,10.0
C:\Users\isabel_martins\Documents\ASCAN\Comp_Cognitiva\Desafio\runs\predict_python\crops_margem_oito\placa\frame_000194_pad8_0.jpg,NK,NK,10.0
C:\Users\isabel_martins\Documents\ASCAN\Comp_Cognitiva\Desafio\runs\predict_python\crops_margem_oito\placa\frame_000195_pad8_0.jpg,NK,NK,10.0
C:\Users\isabel_martins\Documents\ASCAN\Comp_Cognitiva\Desafio\runs\predict_python\crops_margem_oito\placa\frame_000196_pad8_0.jpg,NK,NK,10.0
C:\Users\isabel_martins\Documents\ASCAN\Comp_Cognitiva\Desafio\runs\predict_python\crops_margem_oito\placa\frame_000197_pad8_0.jpg,NK,NK,10.0
C:\Users\isabel_martins\Documents\ASCAN\Comp_Cognitiva\Desafio\runs\predict_python\crops_margem_oito\placa\frame_000198_pad8_0.jpg,NK,NK,10.0
C:\Users\isabel_martins\Documents\ASCAN\Comp_Cognitiva\Desafio\runs\predict_python\crops_margem_oito\placa\frame_000199_pad8_0.jpg,NK,NK,10.0
C:\Users\isabel_martins\Documents\ASCAN\Comp_Cognitiva\Desafio\runs\predict_python\crops_margem_oito\placa\frame_000200_pad8_0.jpg,NK,NK,10.0
C:\Users\isabel_martins\Documents\ASCAN\Comp_Cognitiva\Desafio\runs\predict_python\crops_margem_oito\placa\frame_000201_pad8_0.jpg,NK,NK,10.0
C:\Users\isabel_martins\Documents\ASCAN\Comp_Cognitiva\Desafio\runs\predict_python\crops_margem_oito\placa\frame_000202_pad8_0.jpg,,,-1.0
C:\Users\isabel_martins\Documents\ASCAN\Comp_Cognitiva\Desafio\runs\predict_python\crops_margem_oito\placa\frame_000203_pad8_0.jpg,,,-1.0
C:\Users\isabel_martins\Documents\ASCAN\Comp_Cognitiva\Desafio\runs\predict_python\crops_margem_oito\placa\frame_000204_pad8_0.jpg,,,-1.0
C:\Users\isabel_martins\Documents\ASCAN\Comp_Cognitiva\Desafio\runs\predict_python\crops_margem_oito\placa\frame_000205_pad8_0.jpg,,,-1.0
C:\Users\isabel_martins\Documents\ASCAN\Comp_Cognitiva\Desafio\runs\predict_python\crops_margem_oito\placa\frame_000206_pad8_0.jpg,,,-1.0
C:\Users\isabel_martins\Documents\ASCAN\Comp_Cognitiva\Desafio\runs\predict_python\crops_margem_oito\placa\frame_000207_pad8_0.jpg,,,-1.0
C:\Users\isabel_martins\Documents\ASCAN\Comp_Cognitiva\Desafio\runs\predict_python\crops_margem_oito\placa\frame_000208_pad8_0.jpg,,,-1.0
C:\Users\isabel_martins\Documents\ASCAN\Comp_Cognitiva\Desafio\runs\predict_python\crops_margem_oito\placa\frame_000209_pad8_0.jpg,,,-1.0
C:\Users\isabel_martins\Documents\ASCAN\Comp_Cognitiva\Desafio\runs\predict_python\crops_margem_oito\placa\frame_000210_pad8_0.jpg,,,-1.0
C:\Users\isabel_martins\Documents\ASCAN\Comp_Cognitiva\Desafio\runs\predict_python\crops_margem_oito\placa\frame_000211_pad8_0.jpg,,,-1.0
C:\Users\isabel_martins\Documents\ASCAN\Comp_Cognitiva\Desafio\runs\predict_python\crops_margem_oito\placa\frame_000212_pad8_0.jpg,,,-1.0
C:\Users\isabel_martins\Documents\ASCAN\Comp_Cognitiva\Desafio\runs\predict_python\crops_margem_oito\placa\frame_000213_pad8_0.jpg,,,-1.0
C:\Users\isabel_martins\Documents\ASCAN\Comp_Cognitiva\Desafio\runs\predict_python\crops_margem_oito\placa\frame_000214_pad8_0.jpg,,,-1.0
C:\Users\isabel_martins\Documents\ASCAN\Comp_Cognitiva\Desafio\runs\predict_python\crops_margem_oito\placa\frame_000215_pad8_0.jpg,,,-1.0
C:\Users\isabel_martins\Documents\ASCAN\Comp_Cognitiva\Desafio\runs\predict_python\crops_margem_oito\placa\frame_000216_pad8_0.jpg,,,-1.0
C:\Users\isabel_martins\Documents\ASCAN\Comp_Cognitiva\Desafio\runs\predict_python\crops_margem_oito\placa\frame_000217_pad8_0.jpg,,,-1.0
C:\Users\isabel_martins\Documents\ASCAN\Comp_Cognitiva\Desafio\runs\predict_python\crops_margem_oito\placa\frame_000218_pad8_0.jpg,,,-1.0
C:\Users\isabel_martins\Documents\ASCAN\Comp_Cognitiva\Desafio\runs\predict_python\crops_margem_oito\placa\frame_000219_pad8_0.jpg,,,-1.0
C:\Users\isabel_martins\Documents\ASCAN\Comp_Cognitiva\Desafio\runs\predict_python\crops_margem_oito\placa\frame_000220_pad8_0.jpg,,,-1.0
C:\Users\isabel_martins\Documents\ASCAN\Comp_Cognitiva\Desafio\runs\predict_python\crops_margem_oito\placa\frame_000221_pad8_0.jpg,,,-1.0
C:\Users\isabel_martins\Documents\ASCAN\Comp_Cognitiva\Desafio\runs\predict_python\crops_margem_oito\placa\frame_000222_pad8_0.jpg,,,-1.0
C:\Users\isabel_martins\Documents\ASCAN\Comp_Cognitiva\Desafio\runs\predict_python\crops_margem_oito\placa\frame_000223_pad8_0.jpg,,,-1.0
C:\Users\isabel_martins\Documents\ASCAN\Comp_Cognitiva\Desafio\runs\predict_python\crops_margem_oito\placa\frame_000224_pad8_0.jpg,,,-1.0
C:\Users\isabel_martins\Documents\ASCAN\Comp_Cognitiva\Desafio\runs\predict_python\crops_margem_oito\placa\frame_000225_pad8_0.jpg,TOYYODA,TOYYODA,-0.8
C:\Users\isabel_martins\Documents\ASCAN\Comp_Cognitiva\Desafio\runs\predict_python\crops_margem_oito\placa\frame_000226_pad8_0.jpg,TOYYODA,TOYYODA,-0.8
C:\Users\isabel_martins\Documents\ASCAN\Comp_Cognitiva\Desafio\runs\predict_python\crops_margem_oito\placa\frame_000227_pad8_0.jpg,TOYYODA,TOYYODA,-0.8
C:\Users\isabel_martins\Documents\ASCAN\Comp_Cognitiva\Desafio\runs\predict_python\crops_margem_oito\placa\frame_000228_pad8_0.jpg,TOYYODA,TOYYODA,-0.8
C:\Users\isabel_martins\Documents\ASCAN\Comp_Cognitiva\Desafio\runs\predict_python\crops_margem_oito\placa\frame_000229_pad8_0.jpg,TOYYODA,TOYYODA,-0.8
C:\Users\isabel_martins\Documents\ASCAN\Comp_Cognitiva\Desafio\runs\predict_python\crops_margem_oito\placa\frame_000230_pad8_0.jpg,TOYYODA,TOYYODA,-0.8
C:\Users\isabel_martins\Documents\ASCAN\Comp_Cognitiva\Desafio\runs\predict_python\crops_margem_oito\placa\frame_000231_pad8_0.jpg,TOYYODA,TOYYODA,-0.8
C:\Users\isabel_martins\Documents\ASCAN\Comp_Cognitiva\Desafio\runs\predict_python\crops_margem_oito\placa\frame_000232_pad8_0.jpg,TOYYODA,TOYYODA,-0.8
C:\Users\isabel_martins\Documents\ASCAN\Comp_Cognitiva\Desafio\runs\predict_python\crops_margem_oito\placa\frame_000233_pad8_0.jpg,TOYYODA,TOYYODA,-0.8
C:\Users\isabel_martins\Documents\ASCAN\Comp_Cognitiva\Desafio\runs\predict_python\crops_margem_oito\placa\frame_000234_pad8_0.jpg,TOYYODA,TOYYODA,-0.8
C:\Users\isabel_martins\Documents\ASCAN\Comp_Cognitiva\Desafio\runs\predict_python\crops_margem_oito\placa\frame_000235_pad8_0.jpg,TOYYODA,TOYYODA,-0.8
C:\Users\isabel_martins\Documents\ASCAN\Comp_Cognitiva\Desafio\runs\predict_python\crops_margem_oito\placa\frame_000236_pad8_0.jpg,TOYYODA,TOYYODA,-0.8
C:\Users\isabel_martins\Documents\ASCAN\Comp_Cognitiva\Desafio\runs\predict_python\crops_margem_oito\placa\frame_000237_pad8_0.jpg,TOYYODA,TOYYODA,-0.8
C:\Users\isabel_martins\Documents\ASCAN\Comp_Cognitiva\Desafio\runs\predict_python\crops_margem_oito\placa\frame_000238_pad8_0.jpg,TOYYODA,TOYYODA,-0.8
C:\Users\isabel_martins\Documents\ASCAN\Comp_Cognitiva\Desafio\runs\predict_python\crops_margem_oito\placa\frame_000239_pad8_0.jpg,TOYYODA,TOYYODA,-0.8
C:\Users\isabel_martins\Documents\ASCAN\Comp_Cognitiva\Desafio\runs\predict_python\crops_margem_oito\placa\frame_000240_pad8_0.jpg,TOYYODA,TOYYODA,-0.8
C:\Users\isabel_martins\Documents\ASCAN\Comp_Cognitiva\Desafio\runs\predict_python\crops_margem_oito\placa\frame_000241_pad8_0.jpg,TOYYODA,TOYYODA,-0.8
C:\Users\isabel_martins\Documents\ASCAN\Comp_Cognitiva\Desafio\runs\predict_python\crops_margem_oito\placa\frame_000242_pad8_0.jpg,TOYYODA,TOYYODA,-0.8
C:\Users\isabel_martins\Documents\ASCAN\Comp_Cognitiva\Desafio\runs\predict_python\crops_margem_oito\placa\frame_000243_pad8_0.jpg,TOYYODA,TOYYODA,-0.8
C:\Users\isabel_martins\Documents\ASCAN\Comp_Cognitiva\Desafio\runs\predict_python\crops_margem_oito\placa\frame_000244_pad8_0.jpg,TNEED2PI,TNEED2PI,-0.8
C:\Users\isabel_martins\Documents\ASCAN\Comp_Cognitiva\Desafio\runs\predict_python\crops_margem_oito\placa\frame_000244_pad8_1.jpg,,,-1.0
C:\Users\isabel_martins\Documents\ASCAN\Comp_Cognitiva\Desafio\runs\predict_python\crops_margem_oito\placa\frame_000245_pad8_0.jpg,TNEED2PI,TNEED2PI,-0.8
C:\Users\isabel_martins\Documents\ASCAN\Comp_Cognitiva\Desafio\runs\predict_python\crops_margem_oito\placa\frame_000245_pad8_1.jpg,,,-1.0
C:\Users\isabel_martins\Documents\ASCAN\Comp_Cognitiva\Desafio\runs\predict_python\crops_margem_oito\placa\frame_000246_pad8_0.jpg,TNEED2PI,TNEED2PI,-0.8
C:\Users\isabel_martins\Documents\ASCAN\Comp_Cognitiva\Desafio\runs\predict_python\crops_margem_oito\placa\frame_000246_pad8_1.jpg,,,-1.0
C:\Users\isabel_martins\Documents\ASCAN\Comp_Cognitiva\Desafio\runs\predict_python\crops_margem_oito\placa\frame_000247_pad8_0.jpg,TNEED2PI,TNEED2PI,-0.8
C:\Users\isabel_martins\Documents\ASCAN\Comp_Cognitiva\Desafio\runs\predict_python\crops_margem_oito\placa\frame_000247_pad8_1.jpg,,,-1.0
C:\Users\isabel_martins\Documents\ASCAN\Comp_Cognitiva\Desafio\runs\predict_python\crops_margem_oito\placa\frame_000248_pad8_0.jpg,TNEED2PI,TNEED2PI,-0.8
C:\Users\isabel_martins\Documents\ASCAN\Comp_Cognitiva\Desafio\runs\predict_python\crops_margem_oito\placa\frame_000248_pad8_1.jpg,,,-1.0
C:\Users\isabel_martins\Documents\ASCAN\Comp_Cognitiva\Desafio\runs\predict_python\crops_margem_oito\placa\frame_000249_pad8_0.jpg,TNEED2PI,TNEED2PI,-0.8
C:\Users\isabel_martins\Documents\ASCAN\Comp_Cognitiva\Desafio\runs\predict_python\crops_margem_oito\placa\frame_000249_pad8_1.jpg,,,-1.0
C:\Users\isabel_martins\Documents\ASCAN\Comp_Cognitiva\Desafio\runs\predict_python\crops_margem_oito\placa\frame_000250_pad8_0.jpg,TNEED2PI,TNEED2PI,-0.8
C:\Users\isabel_martins\Documents\ASCAN\Comp_Cognitiva\Desafio\runs\predict_python\crops_margem_oito\placa\frame_000250_pad8_1.jpg,,,-1.0
C:\Users\isabel_martins\Documents\ASCAN\Comp_Cognitiva\Desafio\runs\predict_python\crops_margem_oito\placa\frame_000251_pad8_0.jpg,TNEED2PI,TNEED2PI,-0.8
C:\Users\isabel_martins\Documents\ASCAN\Comp_Cognitiva\Desafio\runs\predict_python\crops_margem_oito\placa\frame_000251_pad8_1.jpg,,,-1.0
C:\Users\isabel_martins\Documents\ASCAN\Comp_Cognitiva\Desafio\runs\predict_python\crops_margem_oito\placa\frame_000252_pad8_0.jpg,TNEED2PI,TNEED2PI,-0.8
C:\Users\isabel_martins\Documents\ASCAN\Comp_Cognitiva\Desafio\runs\predict_python\crops_margem_oito\placa\frame_000252_pad8_1.jpg,,,-1.0
C:\Users\isabel_martins\Documents\ASCAN\Comp_Cognitiva\Desafio\runs\predict_python\crops_margem_oito\placa\frame_000253_pad8_0.jpg,TNEED2PI,TNEED2PI,-0.8
C:\Users\isabel_martins\Documents\ASCAN\Comp_Cognitiva\Desafio\runs\predict_python\crops_margem_oito\placa\frame_000253_pad8_1.jpg,,,-1.0
C:\Users\isabel_martins\Documents\ASCAN\Comp_Cognitiva\Desafio\runs\predict_python\crops_margem_oito\placa\frame_000254_pad8_0.jpg,TNEED2PI,TNEED2PI,-0.8
C:\Users\isabel_martins\Documents\ASCAN\Comp_Cognitiva\Desafio\runs\predict_python\crops_margem_oito\placa\frame_000254_pad8_1.jpg,,,-1.0
C:\Users\isabel_martins\Documents\ASCAN\Comp_Cognitiva\Desafio\runs\predict_python\crops_margem_oito\placa\frame_000255_pad8_0.jpg,TNEED2PI,TNEED2PI,-0.8
C:\Users\isabel_martins\Documents\ASCAN\Comp_Cognitiva\Desafio\runs\predict_python\crops_margem_oito\placa\frame_000255_pad8_1.jpg,,,-1.0
C:\Users\isabel_martins\Documents\ASCAN\Comp_Cognitiva\Desafio\runs\predict_python\crops_margem_oito\placa\frame_000256_pad8_0.jpg,TNEED2PI,TNEED2PI,-0.8
C:\Users\isabel_martins\Documents\ASCAN\Comp_Cognitiva\Desafio\runs\predict_python\crops_margem_oito\placa\frame_000256_pad8_1.jpg,,,-1.0
C:\Users\isabel_martins\Documents\ASCAN\Comp_Cognitiva\Desafio\runs\predict_python\crops_margem_oito\placa\frame_000257_pad8_0.jpg,TNEED2PI,TNEED2PI,-0.8
C:\Users\isabel_martins\Documents\ASCAN\Comp_Cognitiva\Desafio\runs\predict_python\crops_margem_oito\placa\frame_000257_pad8_1.jpg,,,-1.0
C:\Users\isabel_martins\Documents\ASCAN\Comp_Cognitiva\Desafio\runs\predict_python\crops_margem_oito\placa\frame_000258_pad8_0.jpg,TNEED2PI,TNEED2PI,-0.8
C:\Users\isabel_martins\Documents\ASCAN\Comp_Cognitiva\Desafio\runs\predict_python\crops_margem_oito\placa\frame_000258_pad8_1.jpg,,,-1.0
C:\Users\isabel_martins\Documents\ASCAN\Comp_Cognitiva\Desafio\runs\predict_python\crops_margem_oito\placa\frame_000259_pad8_0.jpg,888088,888088,-0.8
C:\Users\isabel_martins\Documents\ASCAN\Comp_Cognitiva\Desafio\runs\predict_python\crops_margem_oito\placa\frame_000260_pad8_0.jpg,888808,888808,-0.8
C:\Users\isabel_martins\Documents\ASCAN\Comp_Cognitiva\Desafio\runs\predict_python\crops_margem_oito\placa\frame_000261_pad8_0.jpg,888808,888808,-0.8
C:\Users\isabel_martins\Documents\ASCAN\Comp_Cognitiva\Desafio\runs\predict_python\crops_margem_oito\placa\frame_000262_pad8_0.jpg,888808,888808,-0.8
C:\Users\isabel_martins\Documents\ASCAN\Comp_Cognitiva\Desafio\runs\predict_python\crops_margem_oito\placa\frame_000263_pad8_0.jpg,888808,888808,-0.8
C:\Users\isabel_martins\Documents\ASCAN\Comp_Cognitiva\Desafio\runs\predict_python\crops_margem_oito\placa\frame_000264_pad8_0.jpg,888808,888808,-0.8
C:\Users\isabel_martins\Documents\ASCAN\Comp_Cognitiva\Desafio\runs\predict_python\crops_margem_oito\placa\frame_000265_pad8_0.jpg,888808,888808,-0.8
C:\Users\isabel_martins\Documents\ASCAN\Comp_Cognitiva\Desafio\runs\predict_python\crops_margem_oito\placa\frame_000266_pad8_0.jpg,888808,888808,-0.8
C:\Users\isabel_martins\Documents\ASCAN\Comp_Cognitiva\Desafio\runs\predict_python\crops_margem_oito\placa\frame_000267_pad8_0.jpg,,,-1.0
C:\Users\isabel_martins\Documents\ASCAN\Comp_Cognitiva\Desafio\runs\predict_python\crops_margem_oito\placa\frame_000268_pad8_0.jpg,,,-1.0
C:\Users\isabel_martins\Documents\ASCAN\Comp_Cognitiva\Desafio\runs\predict_python\crops_margem_oito\placa\frame_000269_pad8_0.jpg,,,-1.0
C:\Users\isabel_martins\Documents\ASCAN\Comp_Cognitiva\Desafio\runs\predict_python\crops_margem_oito\placa\frame_000270_pad8_0.jpg,,,-1.0
C:\Users\isabel_martins\Documents\ASCAN\Comp_Cognitiva\Desafio\runs\predict_python\crops_margem_oito\placa\frame_000271_pad8_0.jpg,,,-1.0
C:\Users\isabel_martins\Documents\ASCAN\Comp_Cognitiva\Desafio\runs\predict_python\crops_margem_oito\placa\frame_000272_pad8_0.jpg,,,-1.0
C:\Users\isabel_martins\Documents\ASCAN\Comp_Cognitiva\Desafio\runs\predict_python\crops_margem_oito\placa\frame_000273_pad8_0.jpg,,,-1.0
C:\Users\isabel_martins\Documents\ASCAN\Comp_Cognitiva\Desafio\runs\predict_python\crops_margem_oito\placa\frame_000274_pad8_0.jpg,,,-1.0
C:\Users\isabel_martins\Documents\ASCAN\Comp_Cognitiva\Desafio\runs\predict_python\crops_margem_oito\placa\frame_000275_pad8_0.jpg,,,-1.0
C:\Users\isabel_martins\Documents\ASCAN\Comp_Cognitiva\Desafio\runs\predict_python\crops_margem_oito\placa\frame_000276_pad8_0.jpg,,,-1.0
C:\Users\isabel_martins\Documents\ASCAN\Comp_Cognitiva\Desafio\runs\predict_python\crops_margem_oito\placa\frame_000277_pad8_0.jpg,,,-1.0
C:\Users\isabel_martins\Documents\ASCAN\Comp_Cognitiva\Desafio\runs\predict_python\crops_margem_oito\placa\frame_000278_pad8_0.jpg,,,-1.0
C:\Users\isabel_martins\Documents\ASCAN\Comp_Cognitiva\Desafio\runs\predict_python\crops_margem_oito\placa\frame_000279_pad8_0.jpg,,,-1.0
C:\Users\isabel_martins\Documents\ASCAN\Comp_Cognitiva\Desafio\runs\predict_python\crops_margem_oito\placa\frame_000280_pad8_0.jpg,,,-1.0
C:\Users\isabel_martins\Documents\ASCAN\Comp_Cognitiva\Desafio\runs\predict_python\crops_margem_oito\placa\frame_000281_pad8_0.jpg,,,-1.0
C:\Users\isabel_martins\Documents\ASCAN\Comp_Cognitiva\Desafio\runs\predict_python\crops_margem_oito\placa\frame_000282_pad8_0.jpg,,,-1.0
C:\Users\isabel_martins\Documents\ASCAN\Comp_Cognitiva\Desafio\runs\predict_python\crops_margem_oito\placa\frame_000283_pad8_0.jpg,,,-1.0
C:\Users\isabel_martins\Documents\ASCAN\Comp_Cognitiva\Desafio\runs\predict_python\crops_margem_oito\placa\frame_000284_pad8_0.jpg,,,-1.0
C:\Users\isabel_martins\Documents\ASCAN\Comp_Cognitiva\Desafio\runs\predict_python\crops_margem_oito\placa\frame_000285_pad8_0.jpg,,,-1.0
C:\Users\isabel_martins\Documents\ASCAN\Comp_Cognitiva\Desafio\runs\predict_python\crops_margem_oito\placa\frame_000286_pad8_0.jpg,,,-1.0
C:\Users\isabel_martins\Documents\ASCAN\Comp_Cognitiva\Desafio\runs\predict_python\crops_margem_oito\placa\frame_000287_pad8_0.jpg,,,-1.0
C:\Users\isabel_martins\Documents\ASCAN\Comp_Cognitiva\Desafio\runs\predict_python\crops_margem_oito\placa\frame_000288_pad8_0.jpg,,,-1.0
C:\Users\isabel_martins\Documents\ASCAN\Comp_Cognitiva\Desafio\runs\predict_python\crops_margem_oito\placa\frame_000289_pad8_0.jpg,,,-1.0
C:\Users\isabel_martins\Documents\ASCAN\Comp_Cognitiva\Desafio\runs\predict_python\crops_margem_oito\placa\frame_000290_pad8_0.jpg,,,-1.0
C:\Users\isabel_martins\Documents\ASCAN\Comp_Cognitiva\Desafio\runs\predict_python\crops_margem_oito\placa\frame_000291_pad8_0.jpg,,,-1.0
C:\Users\isabel_martins\Documents\ASCAN\Comp_Cognitiva\Desafio\runs\predict_python\crops_margem_oito\placa\frame_000292_pad8_0.jpg,,,-1.0
C:\Users\isabel_martins\Documents\ASCAN\Comp_Cognitiva\Desafio\runs\predict_python\crops_margem_oito\placa\frame_000293_pad8_0.jpg,,,-1.0
C:\Users\isabel_martins\Documents\ASCAN\Comp_Cognitiva\Desafio\runs\predict_python\crops_margem_oito\placa\frame_000294_pad8_0.jpg,,,-1.0
C:\Users\isabel_martins\Documents\ASCAN\Comp_Cognitiva\Desafio\runs\predict_python\crops_margem_oito\placa\frame_000295_pad8_0.jpg,88B8088,88B8088,-0.8
C:\Users\isabel_martins\Documents\ASCAN\Comp_Cognitiva\Desafio\runs\predict_python\crops_margem_oito\placa\frame_000296_pad8_0.jpg,,,-1.0
C:\Users\isabel_martins\Documents\ASCAN\Comp_Cognitiva\Desafio\runs\predict_python\crops_margem_oito\placa\frame_000297_pad8_0.jpg,,,-1.0
C:\Users\isabel_martins\Documents\ASCAN\Comp_Cognitiva\Desafio\runs\predict_python\crops_margem_oito\placa\frame_000298_pad8_0.jpg,,,-1.0
C:\Users\isabel_martins\Documents\ASCAN\Comp_Cognitiva\Desafio\runs\predict_python\crops_margem_oito\placa\frame_000299_pad8_0.jpg,,,-1.0
C:\Users\isabel_martins\Documents\ASCAN\Comp_Cognitiva\Desafio\runs\predict_python\crops_margem_oito\placa\frame_000300_pad8_0.jpg,,,-1.0
C:\Users\isabel_martins\Documents\ASCAN\Comp_Cognitiva\Desafio\runs\predict_python\crops_margem_oito\placa\frame_000301_pad8_0.jpg,,,-1.0
C:\Users\isabel_martins\Documents\ASCAN\Comp_Cognitiva\Desafio\runs\predict_python\crops_margem_oito\placa\frame_000302_pad8_0.jpg,,,-1.0
C:\Users\isabel_martins\Documents\ASCAN\Comp_Cognitiva\Desafio\runs\predict_python\crops_margem_oito\placa\frame_000303_pad8_0.jpg,,,-1.0
C:\Users\isabel_martins\Documents\ASCAN\Comp_Cognitiva\Desafio\runs\predict_python\crops_margem_oito\placa\frame_000304_pad8_0.jpg,,,-1.0
C:\Users\isabel_martins\Documents\ASCAN\Comp_Cognitiva\Desafio\runs\predict_python\crops_margem_oito\placa\frame_000305_pad8_0.jpg,,,-1.0
C:\Users\isabel_martins\Documents\ASCAN\Comp_Cognitiva\Desafio\runs\predict_python\crops_margem_oito\placa\frame_000306_pad8_0.jpg,,,-1.0
C:\Users\isabel_martins\Documents\ASCAN\Comp_Cognitiva\Desafio\runs\predict_python\crops_margem_oito\placa\frame_000307_pad8_0.jpg,,,-1.0
