frame,arquivo,gt,pred,levenshtein,acerto_por_letra,conf_media
0,C:\Users\isabel_martins\Documents\ASCAN\Comp_Cognitiva\Desafio\runs\predict_python\crops_margem_desseseis\placa\frame_000000_pad16_0.jpg,HONDUH,,6,0.0,-1.0
1,C:\Users\isabel_martins\Documents\ASCAN\Comp_Cognitiva\Desafio\runs\predict_python\crops_margem_desseseis\placa\frame_000001_pad16_0.jpg,HONDUH,,6,0.0,-1.0
2,C:\Users\isabel_martins\Documents\ASCAN\Comp_Cognitiva\Desafio\runs\predict_python\crops_margem_desseseis\placa\frame_000002_pad16_0.jpg,HONDUH,,6,0.0,-1.0
3,C:\Users\isabel_martins\Documents\ASCAN\Comp_Cognitiva\Desafio\runs\predict_python\crops_margem_desseseis\placa\frame_000003_pad16_0.jpg,HONDUH,,6,0.0,-1.0
4,C:\Users\isabel_martins\Documents\ASCAN\Comp_Cognitiva\Desafio\runs\predict_python\crops_margem_desseseis\placa\frame_000004_pad16_0.jpg,HONDUH,,6,0.0,-1.0
5,C:\Users\isabel_martins\Documents\ASCAN\Comp_Cognitiva\Desafio\runs\predict_python\crops_margem_desseseis\placa\frame_000005_pad16_0.jpg,HONDUH,,6,0.0,-1.0
6,C:\Users\isabel_martins\Documents\ASCAN\Comp_Cognitiva\Desafio\runs\predict_python\crops_margem_desseseis\placa\frame_000006_pad16_0.jpg,HONDUH,,6,0.0,-1.0
7,C:\Users\isabel_martins\Documents\ASCAN\Comp_Cognitiva\Desafio\runs\predict_python\crops_margem_desseseis\placa\frame_000007_pad16_0.jpg,HONDUH,,6,0.0,-1.0
8,C:\Users\isabel_martins\Documents\ASCAN\Comp_Cognitiva\Desafio\runs\predict_python\crops_margem_desseseis\placa\frame_000008_pad16_0.jpg,HONDUH,,6,0.0,-1.0
9,C:\Users\isabel_martins\Documents\ASCAN\Comp_Cognitiva\Desafio\runs\predict_python\crops_margem_desseseis\placa\frame_000009_pad16_0.jpg,HONDUH,,6,0.0,-1.0
10,C:\Users\isabel_martins\Documents\ASCAN\Comp_Cognitiva\Desafio\runs\predict_python\crops_margem_desseseis\placa\frame_000010_pad16_0.jpg,HONDUH,,6,0.0,-1.0
11,C:\Users\isabel_martins\Documents\ASCAN\Comp_Cognitiva\Desafio\runs\predict_python\crops_margem_desseseis\placa\frame_000011_pad16_0.jpg,HONDUH,,6,0.0,-1.0
12,C:\Users\isabel_martins\Documents\ASCAN\Comp_Cognitiva\Desafio\runs\predict_python\crops_margem_desseseis\placa\frame_000012_pad16_0.jpg,HONDUH,,6,0.0,-1.0
13,C:\Users\isabel_martins\Documents\ASCAN\Comp_Cognitiva\Desafio\runs\predict_python\crops_margem_desseseis\placa\frame_000013_pad16_0.jpg,HONDUH,,6,0.0,-1.0
14,C:\Users\isabel_martins\Documents\ASCAN\Comp_Cognitiva\Desafio\runs\predict_python\crops_margem_desseseis\placa\frame_000014_pad16_0.jpg,HONDUH,,6,0.0,-1.0
15,C:\Users\isabel_martins\Documents\ASCAN\Comp_Cognitiva\Desafio\runs\predict_python\crops_margem_desseseis\placa\frame_000015_pad16_0.jpg,HONDUH,,6,0.0,-1.0
16,C:\Users\isabel_martins\Documents\ASCAN\Comp_Cognitiva\Desafio\runs\predict_python\crops_margem_desseseis\placa\frame_000016_pad16_0.jpg,HONDUH,,6,0.0,-1.0
17,C:\Users\isabel_martins\Documents\ASCAN\Comp_Cognitiva\Desafio\runs\predict_python\crops_margem_desseseis\placa\frame_000017_pad16_0.jpg,HONDUH,,6,0.0,-1.0
18,C:\Users\isabel_martins\Documents\ASCAN\Comp_Cognitiva\Desafio\runs\predict_python\crops_margem_desseseis\placa\frame_000018_pad16_0.jpg,HONDUH,,6,0.0,-1.0
19,C:\Users\isabel_martins\Documents\ASCAN\Comp_Cognitiva\Desafio\runs\predict_python\crops_margem_desseseis\placa\frame_000019_pad16_0.jpg,HONDUH,,6,0.0,-1.0
21,C:\Users\isabel_martins\Documents\ASCAN\Comp_Cognitiva\Desafio\runs\predict_python\crops_margem_desseseis\placa\frame_000021_pad16_0.jpg,TIMELESS,TIMELESS,0,1.0,17.2
22,C:\Users\isabel_martins\Documents\ASCAN\Comp_Cognitiva\Desafio\runs\predict_python\crops_margem_desseseis\placa\frame_000022_pad16_0.jpg,TIMELESS,TIMELESS,0,1.0,15.6
23,C:\Users\isabel_martins\Documents\ASCAN\Comp_Cognitiva\Desafio\runs\predict_python\crops_margem_desseseis\placa\frame_000023_pad16_0.jpg,TIMELESS,TIMELESS,0,1.0,15.6
24,C:\Users\isabel_martins\Documents\ASCAN\Comp_Cognitiva\Desafio\runs\predict_python\crops_margem_desseseis\placa\frame_000024_pad16_0.jpg,TIMELESS,TIMELESS,0,1.0,15.6
25,C:\Users\isabel_martins\Documents\ASCAN\Comp_Cognitiva\Desafio\runs\predict_python\crops_margem_desseseis\placa\frame_000025_pad16_0.jpg,TIMELESS,TIMELESS,0,1.0,15.6
26,C:\Users\isabel_martins\Documents\ASCAN\Comp_Cognitiva\Desafio\runs\predict_python\crops_margem_desseseis\placa\frame_000026_pad16_0.jpg,TIMELESS,TIMELESS,0,1.0,15.6
27,C:\Users\isabel_martins\Documents\ASCAN\Comp_Cognitiva\Desafio\runs\predict_python\crops_margem_desseseis\placa\frame_000027_pad16_0.jpg,TIMELESS,TIMELESS,0,1.0,15.6
28,C:\Users\isabel_martins\Documents\ASCAN\Comp_Cognitiva\Desafio\runs\predict_python\crops_margem_desseseis\placa\frame_000028_pad16_0.jpg,TIMELESS,TIMELESS,0,1.0,15.6
29,C:\Users\isabel_martins\Documents\ASCAN\Comp_Cognitiva\Desafio\runs\predict_python\crops_margem_desseseis\placa\frame_000029_pad16_0.jpg,TIMELESS,TIMELESS,0,1.0,15.6
30,C:\Users\isabel_martins\Documents\ASCAN\Comp_Cognitiva\Desafio\runs\predict_python\crops_margem_desseseis\placa\frame_000030_pad16_0.jpg,TIMELESS,TIMELESS,0,1.0,15.6
31,C:\Users\isabel_martins\Documents\ASCAN\Comp_Cognitiva\Desafio\runs\predict_python\crops_margem_desseseis\placa\frame_000031_pad16_0.jpg,TIMELESS,TIMELESS,0,1.0,15.6
32,C:\Users\isabel_martins\Documents\ASCAN\Comp_Cognitiva\Desafio\runs\predict_python\crops_margem_desseseis\placa\frame_000032_pad16_0.jpg,TIMELESS,TIMELESS,0,1.0,15.6
33,C:\Users\isabel_martins\Documents\ASCAN\Comp_Cognitiva\Desafio\runs\predict_python\crops_margem_desseseis\placa\frame_000033_pad16_0.jpg,TIMELESS,TIMELESS,0,1.0,15.6
34,C:\Users\isabel_martins\Documents\ASCAN\Comp_Cognitiva\Desafio\runs\predict_python\crops_margem_desseseis\placa\frame_000034_pad16_0.jpg,TIMELESS,TIMELESS,0,1.0,15.6
35,C:\Users\isabel_martins\Documents\ASCAN\Comp_Cognitiva\Desafio\runs\predict_python\crops_margem_desseseis\placa\frame_000035_pad16_0.jpg,TIMELESS,TIMELESS,0,1.0,15.6
36,C:\Users\isabel_martins\Documents\ASCAN\Comp_Cognitiva\Desafio\runs\predict_python\crops_margem_desseseis\placa\frame_000036_pad16_0.jpg,TIMELESS,TIMELESS,0,1.0,15.6
37,C:\Users\isabel_martins\Documents\ASCAN\Comp_Cognitiva\Desafio\runs\predict_python\crops_margem_desseseis\placa\frame_000037_pad16_0.jpg,TIMELESS,TIMELESS,0,1.0,15.6
38,C:\Users\isabel_martins\Documents\ASCAN\Comp_Cognitiva\Desafio\runs\predict_python\crops_margem_desseseis\placa\frame_000038_pad16_0.jpg,TIMELESS,TIMELESS,0,1.0,15.6
39,C:\Users\isabel_martins\Documents\ASCAN\Comp_Cognitiva\Desafio\runs\predict_python\crops_margem_desseseis\placa\frame_000039_pad16_0.jpg,TIMELESS,TIMELESS,0,1.0,15.6
40,C:\Users\isabel_martins\Documents\ASCAN\Comp_Cognitiva\Desafio\runs\predict_python\crops_margem_desseseis\placa\frame_000040_pad16_0.jpg,TIMELESS,TIMELESS,0,1.0,15.6
41,C:\Users\isabel_martins\Documents\ASCAN\Comp_Cognitiva\Desafio\runs\predict_python\crops_margem_desseseis\placa\frame_000041_pad16_0.jpg,TIMELESS,TIMELESS,0,1.0,15.6
42,C:\Users\isabel_martins\Documents\ASCAN\Comp_Cognitiva\Desafio\runs\predict_python\crops_margem_desseseis\placa\frame_000042_pad16_0.jpg,TIMELESS,TIMELESS,0,1.0,15.6
43,C:\Users\isabel_martins\Documents\ASCAN\Comp_Cognitiva\Desafio\runs\predict_python\crops_margem_desseseis\placa\frame_000043_pad16_0.jpg,EEWABUG,FEWOBUG,2,0.7143,-0.8
44,C:\Users\isabel_martins\Documents\ASCAN\Comp_Cognitiva\Desafio\runs\predict_python\crops_margem_desseseis\placa\frame_000044_pad16_0.jpg,EEWABUG,FEWOBUG,2,0.7143,-0.8
45,C:\Users\isabel_martins\Documents\ASCAN\Comp_Cognitiva\Desafio\runs\predict_python\crops_margem_desseseis\placa\frame_000045_pad16_0.jpg,EEWABUG,FEWOBUG,2,0.7143,-0.8
46,C:\Users\isabel_martins\Documents\ASCAN\Comp_Cognitiva\Desafio\runs\predict_python\crops_margem_desseseis\placa\frame_000046_pad16_0.jpg,EEWABUG,FEWOBUG,2,0.7143,-0.8
47,C:\Users\isabel_martins\Documents\ASCAN\Comp_Cognitiva\Desafio\runs\predict_python\crops_margem_desseseis\placa\frame_000047_pad16_0.jpg,EEWABUG,FEWOBUG,2,0.7143,-0.8
48,C:\Users\isabel_martins\Documents\ASCAN\Comp_Cognitiva\Desafio\runs\predict_python\crops_margem_desseseis\placa\frame_000048_pad16_0.jpg,EEWABUG,FEWOBUG,2,0.7143,-0.8
49,C:\Users\isabel_martins\Documents\ASCAN\Comp_Cognitiva\Desafio\runs\predict_python\crops_margem_desseseis\placa\frame_000049_pad16_0.jpg,EEWABUG,FEWOBUG,2,0.7143,-0.8
50,C:\Users\isabel_martins\Documents\ASCAN\Comp_Cognitiva\Desafio\runs\predict_python\crops_margem_desseseis\placa\frame_000050_pad16_0.jpg,EEWABUG,FEWOBUG,2,0.7143,-0.8
51,C:\Users\isabel_martins\Documents\ASCAN\Comp_Cognitiva\Desafio\runs\predict_python\crops_margem_desseseis\placa\frame_000051_pad16_0.jpg,EEWABUG,FEWOBUG,2,0.7143,-0.8
52,C:\Users\isabel_martins\Documents\ASCAN\Comp_Cognitiva\Desafio\runs\predict_python\crops_margem_desseseis\placa\frame_000052_pad16_0.jpg,EEWABUG,FEWOBUG,2,0.7143,-0.8
53,C:\Users\isabel_martins\Documents\ASCAN\Comp_Cognitiva\Desafio\runs\predict_python\crops_margem_desseseis\placa\frame_000053_pad16_0.jpg,EEWABUG,FEWOBUG,2,0.7143,-0.8
54,C:\Users\isabel_martins\Documents\ASCAN\Comp_Cognitiva\Desafio\runs\predict_python\crops_margem_desseseis\placa\frame_000054_pad16_0.jpg,EEWABUG,,7,0.0,-1.0
55,C:\Users\isabel_martins\Documents\ASCAN\Comp_Cognitiva\Desafio\runs\predict_python\crops_margem_desseseis\placa\frame_000055_pad16_0.jpg,EEWABUG,,7,0.0,-1.0
56,C:\Users\isabel_martins\Documents\ASCAN\Comp_Cognitiva\Desafio\runs\predict_python\crops_margem_desseseis\placa\frame_000056_pad16_0.jpg,EEWABUG,,7,0.0,-1.0
57,C:\Users\isabel_martins\Documents\ASCAN\Comp_Cognitiva\Desafio\runs\predict_python\crops_margem_desseseis\placa\frame_000057_pad16_0.jpg,EEWABUG,,7,0.0,-1.0
58,C:\Users\isabel_martins\Documents\ASCAN\Comp_Cognitiva\Desafio\runs\predict_python\crops_margem_desseseis\placa\frame_000058_pad16_0.jpg,EEWABUG,,7,0.0,-1.0
59,C:\Users\isabel_martins\Documents\ASCAN\Comp_Cognitiva\Desafio\runs\predict_python\crops_margem_desseseis\placa\frame_000059_pad16_0.jpg,EEWABUG,,7,0.0,-1.0
60,C:\Users\isabel_martins\Documents\ASCAN\Comp_Cognitiva\Desafio\runs\predict_python\crops_margem_desseseis\placa\frame_000060_pad16_0.jpg,EEWABUG,,7,0.0,-1.0
61,C:\Users\isabel_martins\Documents\ASCAN\Comp_Cognitiva\Desafio\runs\predict_python\crops_margem_desseseis\placa\frame_000061_pad16_0.jpg,PIKACHU,PIKACHU7,1,0.8571,18.3
62,C:\Users\isabel_martins\Documents\ASCAN\Comp_Cognitiva\Desafio\runs\predict_python\crops_margem_desseseis\placa\frame_000062_pad16_0.jpg,PIKACHU,PIKACHU7,1,0.8571,18.3
63,C:\Users\isabel_martins\Documents\ASCAN\Comp_Cognitiva\Desafio\runs\predict_python\crops_margem_desseseis\placa\frame_000063_pad16_0.jpg,PIKACHU,PIKACHU7,1,0.8571,18.3
64,C:\Users\isabel_martins\Documents\ASCAN\Comp_Cognitiva\Desafio\runs\predict_python\crops_margem_desseseis\placa\frame_000064_pad16_0.jpg,PIKACHU,PIKACHU7,1,0.8571,18.3
65,C:\Users\isabel_martins\Documents\ASCAN\Comp_Cognitiva\Desafio\runs\predict_python\crops_margem_desseseis\placa\frame_000065_pad16_0.jpg,PIKACHU,PIKACHU7,1,0.8571,18.3
66,C:\Users\isabel_martins\Documents\ASCAN\Comp_Cognitiva\Desafio\runs\predict_python\crops_margem_desseseis\placa\frame_000066_pad16_0.jpg,PIKACHU,PIKACHU7,1,0.8571,18.3
67,C:\Users\isabel_martins\Documents\ASCAN\Comp_Cognitiva\Desafio\runs\predict_python\crops_margem_desseseis\placa\frame_000067_pad16_0.jpg,PIKACHU,PIKACHU7,1,0.8571,18.3
68,C:\Users\isabel_martins\Documents\ASCAN\Comp_Cognitiva\Desafio\runs\predict_python\crops_margem_desseseis\placa\frame_000068_pad16_0.jpg,PIKACHU,PIKACHU7,1,0.8571,18.3
69,C:\Users\isabel_martins\Documents\ASCAN\Comp_Cognitiva\Desafio\runs\predict_python\crops_margem_desseseis\placa\frame_000069_pad16_0.jpg,PIKACHU,PIKACHU7,1,0.8571,18.3
70,C:\Users\isabel_martins\Documents\ASCAN\Comp_Cognitiva\Desafio\runs\predict_python\crops_margem_desseseis\placa\frame_000070_pad16_0.jpg,PIKACHU,PIKACHU7,1,0.8571,18.3
71,C:\Users\isabel_martins\Documents\ASCAN\Comp_Cognitiva\Desafio\runs\predict_python\crops_margem_desseseis\placa\frame_000071_pad16_0.jpg,PIKACHU,PIKACHU7,1,0.8571,18.3
72,C:\Users\isabel_martins\Documents\ASCAN\Comp_Cognitiva\Desafio\runs\predict_python\crops_margem_desseseis\placa\frame_000072_pad16_0.jpg,PIKACHU,PIKACHU7,1,0.8571,18.3
73,C:\Users\isabel_martins\Documents\ASCAN\Comp_Cognitiva\Desafio\runs\predict_python\crops_margem_desseseis\placa\frame_000073_pad16_0.jpg,PIKACHU,PIKACHU7,1,0.8571,18.3
74,C:\Users\isabel_martins\Documents\ASCAN\Comp_Cognitiva\Desafio\runs\predict_python\crops_margem_desseseis\placa\frame_000074_pad16_0.jpg,PIKACHU,PIKACHU7,1,0.8571,18.3
75,C:\Users\isabel_martins\Documents\ASCAN\Comp_Cognitiva\Desafio\runs\predict_python\crops_margem_desseseis\placa\frame_000075_pad16_0.jpg,PIKACHU,PIKACHU7,1,0.8571,18.3
76,C:\Users\isabel_martins\Documents\ASCAN\Comp_Cognitiva\Desafio\runs\predict_python\crops_margem_desseseis\placa\frame_000076_pad16_0.jpg,PIKACHU,PIKACHU7,1,0.8571,18.3
77,C:\Users\isabel_martins\Documents\ASCAN\Comp_Cognitiva\Desafio\runs\predict_python\crops_margem_desseseis\placa\frame_000077_pad16_0.jpg,PIKACHU,PIKACHU7,1,0.8571,18.3
78,C:\Users\isabel_martins\Documents\ASCAN\Comp_Cognitiva\Desafio\runs\predict_python\crops_margem_desseseis\placa\frame_000078_pad16_0.jpg,PIKACHU,PIKACHU7,1,0.8571,18.3
79,C:\Users\isabel_martins\Documents\ASCAN\Comp_Cognitiva\Desafio\runs\predict_python\crops_margem_desseseis\placa\frame_000079_pad16_0.jpg,PIKACHU,PIKACHU7,1,0.8571,18.3
80,C:\Users\isabel_martins\Documents\ASCAN\Comp_Cognitiva\Desafio\runs\predict_python\crops_margem_desseseis\placa\frame_000080_pad16_0.jpg,OHIFIT,,6,0.0,-1.0
81,C:\Users\isabel_martins\Documents\ASCAN\Comp_Cognitiva\Desafio\runs\predict_python\crops_margem_desseseis\placa\frame_000081_pad16_0.jpg,OHIFIT,,6,0.0,-1.0
82,C:\Users\isabel_martins\Documents\ASCAN\Comp_Cognitiva\Desafio\runs\predict_python\crops_margem_desseseis\placa\frame_000082_pad16_0.jpg,OHIFIT,,6,0.0,-1.0
83,C:\Users\isabel_martins\Documents\ASCAN\Comp_Cognitiva\Desafio\runs\predict_python\crops_margem_desseseis\placa\frame_000083_pad16_0.jpg,OHIFIT,,6,0.0,-1.0
84,C:\Users\isabel_martins\Documents\ASCAN\Comp_Cognitiva\Desafio\runs\predict_python\crops_margem_desseseis\placa\frame_000084_pad16_0.jpg,OHIFIT,,6,0.0,-1.0
85,C:\Users\isabel_martins\Documents\ASCAN\Comp_Cognitiva\Desafio\runs\predict_python\crops_margem_desseseis\placa\frame_000085_pad16_0.jpg,OHIFIT,,6,0.0,-1.0
86,C:\Users\isabel_martins\Documents\ASCAN\Comp_Cognitiva\Desafio\runs\predict_python\crops_margem_desseseis\placa\frame_000086_pad16_0.jpg,OHIFIT,,6,0.0,-1.0
87,C:\Users\isabel_martins\Documents\ASCAN\Comp_Cognitiva\Desafio\runs\predict_python\crops_margem_desseseis\placa\frame_000087_pad16_0.jpg,OHIFIT,,6,0.0,-1.0
88,C:\Users\isabel_martins\Documents\ASCAN\Comp_Cognitiva\Desafio\runs\predict_python\crops_margem_desseseis\placa\frame_000088_pad16_0.jpg,OHIFIT,,6,0.0,-1.0
89,C:\Users\isabel_martins\Documents\ASCAN\Comp_Cognitiva\Desafio\runs\predict_python\crops_margem_desseseis\placa\frame_000089_pad16_0.jpg,OHIFIT,,6,0.0,-1.0
90,C:\Users\isabel_martins\Documents\ASCAN\Comp_Cognitiva\Desafio\runs\predict_python\crops_margem_desseseis\placa\frame_000090_pad16_0.jpg,OHIFIT,,6,0.0,-1.0
91,C:\Users\isabel_martins\Documents\ASCAN\Comp_Cognitiva\Desafio\runs\predict_python\crops_margem_desseseis\placa\frame_000091_pad16_0.jpg,OHIFIT,,6,0.0,-1.0
92,C:\Users\isabel_martins\Documents\ASCAN\Comp_Cognitiva\Desafio\runs\predict_python\crops_margem_desseseis\placa\frame_000092_pad16_0.jpg,OHIFIT,,6,0.0,-1.0
93,C:\Users\isabel_martins\Documents\ASCAN\Comp_Cognitiva\Desafio\runs\predict_python\crops_margem_desseseis\placa\frame_000093_pad16_0.jpg,OHIFIT,,6,0.0,-1.0
94,C:\Users\isabel_martins\Documents\ASCAN\Comp_Cognitiva\Desafio\runs\predict_python\crops_margem_desseseis\placa\frame_000094_pad16_0.jpg,OHIFIT,,6,0.0,-1.0
95,C:\Users\isabel_martins\Documents\ASCAN\Comp_Cognitiva\Desafio\runs\predict_python\crops_margem_desseseis\placa\frame_000095_pad16_0.jpg,OHIFIT,,6,0.0,-1.0
96,C:\Users\isabel_martins\Documents\ASCAN\Comp_Cognitiva\Desafio\runs\predict_python\crops_margem_desseseis\placa\frame_000096_pad16_0.jpg,OHIFIT,,6,0.0,-1.0
97,C:\Users\isabel_martins\Documents\ASCAN\Comp_Cognitiva\Desafio\runs\predict_python\crops_margem_desseseis\placa\frame_000097_pad16_0.jpg,OHIFIT,,6,0.0,-1.0
98,C:\Users\isabel_martins\Documents\ASCAN\Comp_Cognitiva\Desafio\runs\predict_python\crops_margem_desseseis\placa\frame_000098_pad16_0.jpg,OHIFIT,,6,0.0,-1.0
99,C:\Users\isabel_martins\Documents\ASCAN\Comp_Cognitiva\Desafio\runs\predict_python\crops_margem_desseseis\placa\frame_000099_pad16_0.jpg,OHIFIT,,6,0.0,-1.0
100,C:\Users\isabel_martins\Documents\ASCAN\Comp_Cognitiva\Desafio\runs\predict_python\crops_margem_desseseis\placa\frame_000100_pad16_0.jpg,OHIFIT,,6,0.0,-1.0
101,C:\Users\isabel_martins\Documents\ASCAN\Comp_Cognitiva\Desafio\runs\predict_python\crops_margem_desseseis\placa\frame_000101_pad16_0.jpg,EWGAS,VEIS,4,0.2,-0.8
102,C:\Users\isabel_martins\Documents\ASCAN\Comp_Cognitiva\Desafio\runs\predict_python\crops_margem_desseseis\placa\frame_000102_pad16_0.jpg,EWGAS,S,4,0.2,10.8
103,C:\Users\isabel_martins\Documents\ASCAN\Comp_Cognitiva\Desafio\runs\predict_python\crops_margem_desseseis\placa\frame_000103_pad16_0.jpg,EWGAS,S,4,0.2,10.8
104,C:\Users\isabel_martins\Documents\ASCAN\Comp_Cognitiva\Desafio\runs\predict_python\crops_margem_desseseis\placa\frame_000104_pad16_0.jpg,EWGAS,S,4,0.2,10.8
105,C:\Users\isabel_martins\Documents\ASCAN\Comp_Cognitiva\Desafio\runs\predict_python\crops_margem_desseseis\placa\frame_000105_pad16_0.jpg,EWGAS,S,4,0.2,10.8
106,C:\Users\isabel_martins\Documents\ASCAN\Comp_Cognitiva\Desafio\runs\predict_python\crops_margem_desseseis\placa\frame_000106_pad16_0.jpg,EWGAS,S,4,0.2,10.8
107,C:\Users\isabel_martins\Documents\ASCAN\Comp_Cognitiva\Desafio\runs\predict_python\crops_margem_desseseis\placa\frame_000107_pad16_0.jpg,EWGAS,RES,4,0.2,8.6
108,C:\Users\isabel_martins\Documents\ASCAN\Comp_Cognitiva\Desafio\runs\predict_python\crops_margem_desseseis\placa\frame_000108_pad16_0.jpg,EWGAS,RES,4,0.2,8.6
109,C:\Users\isabel_martins\Documents\ASCAN\Comp_Cognitiva\Desafio\runs\predict_python\crops_margem_desseseis\placa\frame_000109_pad16_0.jpg,EWGAS,RES,4,0.2,8.6
110,C:\Users\isabel_martins\Documents\ASCAN\Comp_Cognitiva\Desafio\runs\predict_python\crops_margem_desseseis\placa\frame_000110_pad16_0.jpg,EWGAS,RES,4,0.2,8.6
111,C:\Users\isabel_martins\Documents\ASCAN\Comp_Cognitiva\Desafio\runs\predict_python\crops_margem_desseseis\placa\frame_000111_pad16_0.jpg,EWGAS,RES,4,0.2,8.6
112,C:\Users\isabel_martins\Documents\ASCAN\Comp_Cognitiva\Desafio\runs\predict_python\crops_margem_desseseis\placa\frame_000112_pad16_0.jpg,EWGAS,RES,4,0.2,8.6
113,C:\Users\isabel_martins\Documents\ASCAN\Comp_Cognitiva\Desafio\runs\predict_python\crops_margem_desseseis\placa\frame_000113_pad16_0.jpg,EWGAS,RES,4,0.2,8.6
114,C:\Users\isabel_martins\Documents\ASCAN\Comp_Cognitiva\Desafio\runs\predict_python\crops_margem_desseseis\placa\frame_000114_pad16_0.jpg,EWGAS,RES,4,0.2,8.6
115,C:\Users\isabel_martins\Documents\ASCAN\Comp_Cognitiva\Desafio\runs\predict_python\crops_margem_desseseis\placa\frame_000115_pad16_0.jpg,EWGAS,RES,4,0.2,8.6
116,C:\Users\isabel_martins\Documents\ASCAN\Comp_Cognitiva\Desafio\runs\predict_python\crops_margem_desseseis\placa\frame_000116_pad16_0.jpg,EWGAS,RES,4,0.2,8.6
117,C:\Users\isabel_martins\Documents\ASCAN\Comp_Cognitiva\Desafio\runs\predict_python\crops_margem_desseseis\placa\frame_000117_pad16_0.jpg,EWGAS,RES,4,0.2,8.6
118,C:\Users\isabel_martins\Documents\ASCAN\Comp_Cognitiva\Desafio\runs\predict_python\crops_margem_desseseis\placa\frame_000118_pad16_0.jpg,OFZELDA,OFZELDAI,1,0.8571,-0.8
119,C:\Users\isabel_martins\Documents\ASCAN\Comp_Cognitiva\Desafio\runs\predict_python\crops_margem_desseseis\placa\frame_000119_pad16_0.jpg,OFZELDA,OFZELDA,0,1.0,-0.8
120,C:\Users\isabel_martins\Documents\ASCAN\Comp_Cognitiva\Desafio\runs\predict_python\crops_margem_desseseis\placa\frame_000120_pad16_0.jpg,OFZELDA,OFZELDAI,1,0.8571,-0.8
121,C:\Users\isabel_martins\Documents\ASCAN\Comp_Cognitiva\Desafio\runs\predict_python\crops_margem_desseseis\placa\frame_000121_pad16_0.jpg,OFZELDA,OFZELDAI,1,0.8571,-0.8
122,C:\Users\isabel_martins\Documents\ASCAN\Comp_Cognitiva\Desafio\runs\predict_python\crops_margem_desseseis\placa\frame_000122_pad16_0.jpg,OFZELDA,OFZELDAI,1,0.8571,-0.8
123,C:\Users\isabel_martins\Documents\ASCAN\Comp_Cognitiva\Desafio\runs\predict_python\crops_margem_desseseis\placa\frame_000123_pad16_0.jpg,OFZELDA,OFZELDA,0,1.0,-0.8
124,C:\Users\isabel_martins\Documents\ASCAN\Comp_Cognitiva\Desafio\runs\predict_python\crops_margem_desseseis\placa\frame_000124_pad16_0.jpg,OFZELDA,OFZELDA,0,1.0,-0.8
125,C:\Users\isabel_martins\Documents\ASCAN\Comp_Cognitiva\Desafio\runs\predict_python\crops_margem_desseseis\placa\frame_000125_pad16_0.jpg,OFZELDA,OFZELDA,0,1.0,-0.8
126,C:\Users\isabel_martins\Documents\ASCAN\Comp_Cognitiva\Desafio\runs\predict_python\crops_margem_desseseis\placa\frame_000126_pad16_0.jpg,OFZELDA,OFZELDA,0,1.0,-0.8
127,C:\Users\isabel_martins\Documents\ASCAN\Comp_Cognitiva\Desafio\runs\predict_python\crops_margem_desseseis\placa\frame_000127_pad16_0.jpg,OFZELDA,OFZELDA,0,1.0,-0.8
128,C:\Users\isabel_martins\Documents\ASCAN\Comp_Cognitiva\Desafio\runs\predict_python\crops_margem_desseseis\placa\frame_000128_pad16_0.jpg,OFZELDA,OFZELDA,0,1.0,-0.8
129,C:\Users\isabel_martins\Documents\ASCAN\Comp_Cognitiva\Desafio\runs\predict_python\crops_margem_desseseis\placa\frame_000129_pad16_0.jpg,OFZELDA,OFZELDA,0,1.0,-0.8
130,C:\Users\isabel_martins\Documents\ASCAN\Comp_Cognitiva\Desafio\runs\predict_python\crops_margem_desseseis\placa\frame_000130_pad16_0.jpg,OFZELDA,OFZELDA,0,1.0,-0.8
131,C:\Users\isabel_martins\Documents\ASCAN\Comp_Cognitiva\Desafio\runs\predict_python\crops_margem_desseseis\placa\frame_000131_pad16_0.jpg,OFZELDA,OFZELDA,0,1.0,-0.8
132,C:\Users\isabel_martins\Documents\ASCAN\Comp_Cognitiva\Desafio\runs\predict_python\crops_margem_desseseis\placa\frame_000132_pad16_0.jpg,OFZELDA,OFZELDA,0,1.0,-0.8
133,C:\Users\isabel_martins\Documents\ASCAN\Comp_Cognitiva\Desafio\runs\predict_python\crops_margem_desseseis\placa\frame_000133_pad16_0.jpg,OFZELDA,OFZELDA,0,1.0,-0.8
134,C:\Users\isabel_martins\Documents\ASCAN\Comp_Cognitiva\Desafio\runs\predict_python\crops_margem_desseseis\placa\frame_000134_pad16_0.jpg,OFZELDA,OFZELDA,0,1.0,-0.8
135,C:\Users\isabel_martins\Documents\ASCAN\Comp_Cognitiva\Desafio\runs\predict_python\crops_margem_desseseis\placa\frame_000135_pad16_0.jpg,OFZELDA,OFZELDA,0,1.0,-0.8
136,C:\Users\isabel_martins\Documents\ASCAN\Comp_Cognitiva\Desafio\runs\predict_python\crops_margem_desseseis\placa\frame_000136_pad16_0.jpg,OFZELDA,OFZELDA,0,1.0,-0.8
137,C:\Users\isabel_martins\Documents\ASCAN\Comp_Cognitiva\Desafio\runs\predict_python\crops_margem_desseseis\placa\frame_000137_pad16_0.jpg,OFZELDA,OFZELDA,0,1.0,-0.8
138,C:\Users\isabel_martins\Documents\ASCAN\Comp_Cognitiva\Desafio\runs\predict_python\crops_margem_desseseis\placa\frame_000138_pad16_0.jpg,OFZELDA,OFZELDA,0,1.0,-0.8
139,C:\Users\isabel_martins\Documents\ASCAN\Comp_Cognitiva\Desafio\runs\predict_python\crops_margem_desseseis\placa\frame_000139_pad16_0.jpg,OFZELDA,OFZELDA,0,1.0,-0.8
140,C:\Users\isabel_martins\Documents\ASCAN\Comp_Cognitiva\Desafio\runs\predict_python\crops_margem_desseseis\placa\frame_000140_pad16_0.jpg,OFZELDA,OFZELDA,0,1.0,-0.8
141,C:\Users\isabel_martins\Documents\ASCAN\Comp_Cognitiva\Desafio\runs\predict_python\crops_margem_desseseis\placa\frame_000141_pad16_0.jpg,OFZELDA,OFZELDA,0,1.0,-0.8
142,C:\Users\isabel_martins\Documents\ASCAN\Comp_Cognitiva\Desafio\runs\predict_python\crops_margem_desseseis\placa\frame_000142_pad16_0.jpg,OFZELDA,OFZELDA,0,1.0,-0.8
143,C:\Users\isabel_martins\Documents\ASCAN\Comp_Cognitiva\Desafio\runs\predict_python\crops_margem_desseseis\placa\frame_000143_pad16_0.jpg,OFZELDA,OFZELDA,0,1.0,-0.8
144,C:\Users\isabel_martins\Documents\ASCAN\Comp_Cognitiva\Desafio\runs\predict_python\crops_margem_desseseis\placa\frame_000144_pad16_0.jpg,OFZELDA,OFZELDA,0,1.0,-0.8
145,C:\Users\isabel_martins\Documents\ASCAN\Comp_Cognitiva\Desafio\runs\predict_python\crops_margem_desseseis\placa\frame_000145_pad16_0.jpg,OFZELDA,OFZELDA,0,1.0,-0.8
146,C:\Users\isabel_martins\Documents\ASCAN\Comp_Cognitiva\Desafio\runs\predict_python\crops_margem_desseseis\placa\frame_000146_pad16_0.jpg,BYE4O1K,,7,0.0,-1.0
147,C:\Users\isabel_martins\Documents\ASCAN\Comp_Cognitiva\Desafio\runs\predict_python\crops_margem_desseseis\placa\frame_000147_pad16_0.jpg,BYE4O1K,,7,0.0,-1.0
148,C:\Users\isabel_martins\Documents\ASCAN\Comp_Cognitiva\Desafio\runs\predict_python\crops_margem_desseseis\placa\frame_000148_pad16_0.jpg,BYE4O1K,,7,0.0,-1.0
149,C:\Users\isabel_martins\Documents\ASCAN\Comp_Cognitiva\Desafio\runs\predict_python\crops_margem_desseseis\placa\frame_000149_pad16_0.jpg,BYE4O1K,,7,0.0,-1.0
150,C:\Users\isabel_martins\Documents\ASCAN\Comp_Cognitiva\Desafio\runs\predict_python\crops_margem_desseseis\placa\frame_000150_pad16_0.jpg,BYE4O1K,,7,0.0,-1.0
151,C:\Users\isabel_martins\Documents\ASCAN\Comp_Cognitiva\Desafio\runs\predict_python\crops_margem_desseseis\placa\frame_000151_pad16_0.jpg,BYE4O1K,,7,0.0,-1.0
152,C:\Users\isabel_martins\Documents\ASCAN\Comp_Cognitiva\Desafio\runs\predict_python\crops_margem_desseseis\placa\frame_000152_pad16_0.jpg,BYE4O1K,,7,0.0,-1.0
153,C:\Users\isabel_martins\Documents\ASCAN\Comp_Cognitiva\Desafio\runs\predict_python\crops_margem_desseseis\placa\frame_000153_pad16_0.jpg,BYE4O1K,,7,0.0,-1.0
154,C:\Users\isabel_martins\Documents\ASCAN\Comp_Cognitiva\Desafio\runs\predict_python\crops_margem_desseseis\placa\frame_000154_pad16_0.jpg,BYE4O1K,,7,0.0,-1.0
155,C:\Users\isabel_martins\Documents\ASCAN\Comp_Cognitiva\Desafio\runs\predict_python\crops_margem_desseseis\placa\frame_000155_pad16_0.jpg,BYE4O1K,,7,0.0,-1.0
156,C:\Users\isabel_martins\Documents\ASCAN\Comp_Cognitiva\Desafio\runs\predict_python\crops_margem_desseseis\placa\frame_000156_pad16_0.jpg,BYE4O1K,,7,0.0,-1.0
157,C:\Users\isabel_martins\Documents\ASCAN\Comp_Cognitiva\Desafio\runs\predict_python\crops_margem_desseseis\placa\frame_000157_pad16_0.jpg,BYE4O1K,,7,0.0,-1.0
158,C:\Users\isabel_martins\Documents\ASCAN\Comp_Cognitiva\Desafio\runs\predict_python\crops_margem_desseseis\placa\frame_000158_pad16_0.jpg,BYE4O1K,,7,0.0,-1.0
159,C:\Users\isabel_martins\Documents\ASCAN\Comp_Cognitiva\Desafio\runs\predict_python\crops_margem_desseseis\placa\frame_000159_pad16_0.jpg,BYE4O1K,,7,0.0,-1.0
160,C:\Users\isabel_martins\Documents\ASCAN\Comp_Cognitiva\Desafio\runs\predict_python\crops_margem_desseseis\placa\frame_000160_pad16_0.jpg,BYE4O1K,,7,0.0,-1.0
161,C:\Users\isabel_martins\Documents\ASCAN\Comp_Cognitiva\Desafio\runs\predict_python\crops_margem_desseseis\placa\frame_000161_pad16_0.jpg,MUAHAHA,MUAHAHE,1,0.8571,-0.8
162,C:\Users\isabel_martins\Documents\ASCAN\Comp_Cognitiva\Desafio\runs\predict_python\crops_margem_desseseis\placa\frame_000162_pad16_0.jpg,MUAHAHA,MUAHAHE,1,0.8571,-0.8
163,C:\Users\isabel_martins\Documents\ASCAN\Comp_Cognitiva\Desafio\runs\predict_python\crops_margem_desseseis\placa\frame_000163_pad16_0.jpg,MUAHAHA,MUAHAHE,1,0.8571,-0.8
164,C:\Users\isabel_martins\Documents\ASCAN\Comp_Cognitiva\Desafio\runs\predict_python\crops_margem_desseseis\placa\frame_000164_pad16_0.jpg,MUAHAHA,MUAHAHE,1,0.8571,-0.8
165,C:\Users\isabel_martins\Documents\ASCAN\Comp_Cognitiva\Desafio\runs\predict_python\crops_margem_desseseis\placa\frame_000165_pad16_0.jpg,MUAHAHA,MUAHAHE,1,0.8571,-0.8
166,C:\Users\isabel_martins\Documents\ASCAN\Comp_Cognitiva\Desafio\runs\predict_python\crops_margem_desseseis\placa\frame_000166_pad16_0.jpg,MUAHAHA,MUAHAHE,1,0.8571,-0.8
167,C:\Users\isabel_martins\Documents\ASCAN\Comp_Cognitiva\Desafio\runs\predict_python\crops_margem_desseseis\placa\frame_000167_pad16_0.jpg,MUAHAHA,MUAHAHE,1,0.8571,-0.8
168,C:\Users\isabel_martins\Documents\ASCAN\Comp_Cognitiva\Desafio\runs\predict_python\crops_margem_desseseis\placa\frame_000168_pad16_0.jpg,MUAHAHA,MUAHAHE,1,0.8571,-0.8
169,C:\Users\isabel_martins\Documents\ASCAN\Comp_Cognitiva\Desafio\runs\predict_python\crops_margem_desseseis\placa\frame_000169_pad16_0.jpg,MUAHAHA,MUAHAHE,1,0.8571,-0.8
170,C:\Users\isabel_martins\Documents\ASCAN\Comp_Cognitiva\Desafio\runs\predict_python\crops_margem_desseseis\placa\frame_000170_pad16_0.jpg,MUAHAHA,MUAHAHE,1,0.8571,-0.8
171,C:\Users\isabel_martins\Documents\ASCAN\Comp_Cognitiva\Desafio\runs\predict_python\crops_margem_desseseis\placa\frame_000171_pad16_0.jpg,MUAHAHA,MUAHAHE,1,0.8571,-0.8
172,C:\Users\isabel_martins\Documents\ASCAN\Comp_Cognitiva\Desafio\runs\predict_python\crops_margem_desseseis\placa\frame_000172_pad16_0.jpg,MUAHAHA,MUAHAHE,1,0.8571,-0.8
173,C:\Users\isabel_martins\Documents\ASCAN\Comp_Cognitiva\Desafio\runs\predict_python\crops_margem_desseseis\placa\frame_000173_pad16_0.jpg,MUAHAHA,MUAHAHE,1,0.8571,-0.8
174,C:\Users\isabel_martins\Documents\ASCAN\Comp_Cognitiva\Desafio\runs\predict_python\crops_margem_desseseis\placa\frame_000174_pad16_0.jpg,MUAHAHA,MUAHAHE,1,0.8571,-0.8
175,C:\Users\isabel_martins\Documents\ASCAN\Comp_Cognitiva\Desafio\runs\predict_python\crops_margem_desseseis\placa\frame_000175_pad16_0.jpg,MUAHAHA,MUAHAHE,1,0.8571,-0.8
176,C:\Users\isabel_martins\Documents\ASCAN\Comp_Cognitiva\Desafio\runs\predict_python\crops_margem_desseseis\placa\frame_000176_pad16_0.jpg,MUAHAHA,MUAHAHE,1,0.8571,-0.8
177,C:\Users\isabel_martins\Documents\ASCAN\Comp_Cognitiva\Desafio\runs\predict_python\crops_margem_desseseis\placa\frame_000177_pad16_0.jpg,MUAHAHA,MUAHAHE,1,0.8571,-0.8
178,C:\Users\isabel_martins\Documents\ASCAN\Comp_Cognitiva\Desafio\runs\predict_python\crops_margem_desseseis\placa\frame_000178_pad16_0.jpg,MUAHAHA,MUAHAHE,1,0.8571,-0.8
179,C:\Users\isabel_martins\Documents\ASCAN\Comp_Cognitiva\Desafio\runs\predict_python\crops_margem_desseseis\placa\frame_000179_pad16_0.jpg,MUAHAHA,MUAHAHE,1,0.8571,-0.8
180,C:\Users\isabel_martins\Documents\ASCAN\Comp_Cognitiva\Desafio\runs\predict_python\crops_margem_desseseis\placa\frame_000180_pad16_0.jpg,MUAHAHA,MUAHAHE,1,0.8571,-0.8
181,C:\Users\isabel_martins\Documents\ASCAN\Comp_Cognitiva\Desafio\runs\predict_python\crops_margem_desseseis\placa\frame_000181_pad16_0.jpg,MUAHAHA,MUAHAHE,1,0.8571,-0.8
182,C:\Users\isabel_martins\Documents\ASCAN\Comp_Cognitiva\Desafio\runs\predict_python\crops_margem_desseseis\placa\frame_000182_pad16_0.jpg,MUAHAHA,MUAHAHE,1,0.8571,-0.8
183,C:\Users\isabel_martins\Documents\ASCAN\Comp_Cognitiva\Desafio\runs\predict_python\crops_margem_desseseis\placa\frame_000183_pad16_0.jpg,MUAHAHA,MUAHAHE,1,0.8571,-0.8
184,C:\Users\isabel_martins\Documents\ASCAN\Comp_Cognitiva\Desafio\runs\predict_python\crops_margem_desseseis\placa\frame_000184_pad16_0.jpg,ORINNIE,,7,0.0,-1.0
185,C:\Users\isabel_martins\Documents\ASCAN\Comp_Cognitiva\Desafio\runs\predict_python\crops_margem_desseseis\placa\frame_000185_pad16_0.jpg,ORINNIE,,7,0.0,-1.0
186,C:\Users\isabel_martins\Documents\ASCAN\Comp_Cognitiva\Desafio\runs\predict_python\crops_margem_desseseis\placa\frame_000186_pad16_0.jpg,ORINNIE,,7,0.0,-1.0
187,C:\Users\isabel_martins\Documents\ASCAN\Comp_Cognitiva\Desafio\runs\predict_python\crops_margem_desseseis\placa\frame_000187_pad16_0.jpg,ORINNIE,,7,0.0,-1.0
188,C:\Users\isabel_martins\Documents\ASCAN\Comp_Cognitiva\Desafio\runs\predict_python\crops_margem_desseseis\placa\frame_000188_pad16_0.jpg,ORINNIE,,7,0.0,-1.0
189,C:\Users\isabel_martins\Documents\ASCAN\Comp_Cognitiva\Desafio\runs\predict_python\crops_margem_desseseis\placa\frame_000189_pad16_0.jpg,ORINNIE,,7,0.0,-1.0
190,C:\Users\isabel_martins\Documents\ASCAN\Comp_Cognitiva\Desafio\runs\predict_python\crops_margem_desseseis\placa\frame_000190_pad16_0.jpg,ORINNIE,,7,0.0,-1.0
191,C:\Users\isabel_martins\Documents\ASCAN\Comp_Cognitiva\Desafio\runs\predict_python\crops_margem_desseseis\placa\frame_000191_pad16_0.jpg,ORINNIE,,7,0.0,-1.0
192,C:\Users\isabel_martins\Documents\ASCAN\Comp_Cognitiva\Desafio\runs\predict_python\crops_margem_desseseis\placa\frame_000192_pad16_0.jpg,ORINNIE,,7,0.0,-1.0
193,C:\Users\isabel_martins\Documents\ASCAN\Comp_Cognitiva\Desafio\runs\predict_python\crops_margem_desseseis\placa\frame_000193_pad16_0.jpg,ORINNIE,,7,0.0,-1.0
194,C:\Users\isabel_martins\Documents\ASCAN\Comp_Cognitiva\Desafio\runs\predict_python\crops_margem_desseseis\placa\frame_000194_pad16_0.jpg,ORINNIE,,7,0.0,-1.0
195,C:\Users\isabel_martins\Documents\ASCAN\Comp_Cognitiva\Desafio\runs\predict_python\crops_margem_desseseis\placa\frame_000195_pad16_0.jpg,ORINNIE,,7,0.0,-1.0
196,C:\Users\isabel_martins\Documents\ASCAN\Comp_Cognitiva\Desafio\runs\predict_python\crops_margem_desseseis\placa\frame_000196_pad16_0.jpg,ORINNIE,,7,0.0,-1.0
197,C:\Users\isabel_martins\Documents\ASCAN\Comp_Cognitiva\Desafio\runs\predict_python\crops_margem_desseseis\placa\frame_000197_pad16_0.jpg,ORINNIE,,7,0.0,-1.0
198,C:\Users\isabel_martins\Documents\ASCAN\Comp_Cognitiva\Desafio\runs\predict_python\crops_margem_desseseis\placa\frame_000198_pad16_0.jpg,ORINNIE,,7,0.0,-1.0
199,C:\Users\isabel_martins\Documents\ASCAN\Comp_Cognitiva\Desafio\runs\predict_python\crops_margem_desseseis\placa\frame_000199_pad16_0.jpg,ORINNIE,,7,0.0,-1.0
200,C:\Users\isabel_martins\Documents\ASCAN\Comp_Cognitiva\Desafio\runs\predict_python\crops_margem_desseseis\placa\frame_000200_pad16_0.jpg,ORINNIE,,7,0.0,-1.0
201,C:\Users\isabel_martins\Documents\ASCAN\Comp_Cognitiva\Desafio\runs\predict_python\crops_margem_desseseis\placa\frame_000201_pad16_0.jpg,ORINNIE,,7,0.0,-1.0
202,C:\Users\isabel_martins\Documents\ASCAN\Comp_Cognitiva\Desafio\runs\predict_python\crops_margem_desseseis\placa\frame_000202_pad16_0.jpg,ORINNIE,,7,0.0,-1.0
203,C:\Users\isabel_martins\Documents\ASCAN\Comp_Cognitiva\Desafio\runs\predict_python\crops_margem_desseseis\placa\frame_000203_pad16_0.jpg,NBEYOND,,7,0.0,-1.0
204,C:\Users\isabel_martins\Documents\ASCAN\Comp_Cognitiva\Desafio\runs\predict_python\crops_margem_desseseis\placa\frame_000204_pad16_0.jpg,NBEYOND,,7,0.0,-1.0
205,C:\Users\isabel_martins\Documents\ASCAN\Comp_Cognitiva\Desafio\runs\predict_python\crops_margem_desseseis\placa\frame_000205_pad16_0.jpg,NBEYOND,,7,0.0,-1.0
206,C:\Users\isabel_martins\Documents\ASCAN\Comp_Cognitiva\Desafio\runs\predict_python\crops_margem_desseseis\placa\frame_000206_pad16_0.jpg,NBEYOND,,7,0.0,-1.0
207,C:\Users\isabel_martins\Documents\ASCAN\Comp_Cognitiva\Desafio\runs\predict_python\crops_margem_desseseis\placa\frame_000207_pad16_0.jpg,NBEYOND,,7,0.0,-1.0
208,C:\Users\isabel_martins\Documents\ASCAN\Comp_Cognitiva\Desafio\runs\predict_python\crops_margem_desseseis\placa\frame_000208_pad16_0.jpg,NBEYOND,,7,0.0,-1.0
209,C:\Users\isabel_martins\Documents\ASCAN\Comp_Cognitiva\Desafio\runs\predict_python\crops_margem_desseseis\placa\frame_000209_pad16_0.jpg,NBEYOND,,7,0.0,-1.0
210,C:\Users\isabel_martins\Documents\ASCAN\Comp_Cognitiva\Desafio\runs\predict_python\crops_margem_desseseis\placa\frame_000210_pad16_0.jpg,NBEYOND,,7,0.0,-1.0
211,C:\Users\isabel_martins\Documents\ASCAN\Comp_Cognitiva\Desafio\runs\predict_python\crops_margem_desseseis\placa\frame_000211_pad16_0.jpg,NBEYOND,,7,0.0,-1.0
212,C:\Users\isabel_martins\Documents\ASCAN\Comp_Cognitiva\Desafio\runs\predict_python\crops_margem_desseseis\placa\frame_000212_pad16_0.jpg,NBEYOND,,7,0.0,-1.0
213,C:\Users\isabel_martins\Documents\ASCAN\Comp_Cognitiva\Desafio\runs\predict_python\crops_margem_desseseis\placa\frame_000213_pad16_0.jpg,NBEYOND,,7,0.0,-1.0
214,C:\Users\isabel_martins\Documents\ASCAN\Comp_Cognitiva\Desafio\runs\predict_python\crops_margem_desseseis\placa\frame_000214_pad16_0.jpg,NBEYOND,,7,0.0,-1.0
215,C:\Users\isabel_martins\Documents\ASCAN\Comp_Cognitiva\Desafio\runs\predict_python\crops_margem_desseseis\placa\frame_000215_pad16_0.jpg,NBEYOND,,7,0.0,-1.0
216,C:\Users\isabel_martins\Documents\ASCAN\Comp_Cognitiva\Desafio\runs\predict_python\crops_margem_desseseis\placa\frame_000216_pad16_0.jpg,NBEYOND,,7,0.0,-1.0
217,C:\Users\isabel_martins\Documents\ASCAN\Comp_Cognitiva\Desafio\runs\predict_python\crops_margem_desseseis\placa\frame_000217_pad16_0.jpg,NBEYOND,,7,0.0,-1.0
218,C:\Users\isabel_martins\Documents\ASCAN\Comp_Cognitiva\Desafio\runs\predict_python\crops_margem_desseseis\placa\frame_000218_pad16_0.jpg,NBEYOND,,7,0.0,-1.0
219,C:\Users\isabel_martins\Documents\ASCAN\Comp_Cognitiva\Desafio\runs\predict_python\crops_margem_desseseis\placa\frame_000219_pad16_0.jpg,NBEYOND,,7,0.0,-1.0
220,C:\Users\isabel_martins\Documents\ASCAN\Comp_Cognitiva\Desafio\runs\predict_python\crops_margem_desseseis\placa\frame_000220_pad16_0.jpg,NBEYOND,,7,0.0,-1.0
221,C:\Users\isabel_martins\Documents\ASCAN\Comp_Cognitiva\Desafio\runs\predict_python\crops_margem_desseseis\placa\frame_000221_pad16_0.jpg,NBEYOND,,7,0.0,-1.0
222,C:\Users\isabel_martins\Documents\ASCAN\Comp_Cognitiva\Desafio\runs\predict_python\crops_margem_desseseis\placa\frame_000222_pad16_0.jpg,NBEYOND,,7,0.0,-1.0
223,C:\Users\isabel_martins\Documents\ASCAN\Comp_Cognitiva\Desafio\runs\predict_python\crops_margem_desseseis\placa\frame_000223_pad16_0.jpg,NBEYOND,,7,0.0,-1.0
224,C:\Users\isabel_martins\Documents\ASCAN\Comp_Cognitiva\Desafio\runs\predict_python\crops_margem_desseseis\placa\frame_000224_pad16_0.jpg,NBEYOND,,7,0.0,-1.0
225,C:\Users\isabel_martins\Documents\ASCAN\Comp_Cognitiva\Desafio\runs\predict_python\crops_margem_desseseis\placa\frame_000225_pad16_0.jpg,TOYYODA,TOOL,4,0.4286,-0.7
226,C:\Users\isabel_martins\Documents\ASCAN\Comp_Cognitiva\Desafio\runs\predict_python\crops_margem_desseseis\placa\frame_000226_pad16_0.jpg,TOYYODA,JOOL,5,0.2857,-0.7
227,C:\Users\isabel_martins\Documents\ASCAN\Comp_Cognitiva\Desafio\runs\predict_python\crops_margem_desseseis\placa\frame_000227_pad16_0.jpg,TOYYODA,TOOL,4,0.4286,-0.7
228,C:\Users\isabel_martins\Documents\ASCAN\Comp_Cognitiva\Desafio\runs\predict_python\crops_margem_desseseis\placa\frame_000228_pad16_0.jpg,TOYYODA,TOOL,4,0.4286,-0.7
229,C:\Users\isabel_martins\Documents\ASCAN\Comp_Cognitiva\Desafio\runs\predict_python\crops_margem_desseseis\placa\frame_000229_pad16_0.jpg,TOYYODA,TOOL,4,0.4286,-0.7
230,C:\Users\isabel_martins\Documents\ASCAN\Comp_Cognitiva\Desafio\runs\predict_python\crops_margem_desseseis\placa\frame_000230_pad16_0.jpg,TOYYODA,TOOL,4,0.4286,-0.7
231,C:\Users\isabel_martins\Documents\ASCAN\Comp_Cognitiva\Desafio\runs\predict_python\crops_margem_desseseis\placa\frame_000231_pad16_0.jpg,TOYYODA,TOOL,4,0.4286,-0.7
232,C:\Users\isabel_martins\Documents\ASCAN\Comp_Cognitiva\Desafio\runs\predict_python\crops_margem_desseseis\placa\frame_000232_pad16_0.jpg,TOYYODA,TOOL,4,0.4286,-0.7
233,C:\Users\isabel_martins\Documents\ASCAN\Comp_Cognitiva\Desafio\runs\predict_python\crops_margem_desseseis\placa\frame_000233_pad16_0.jpg,TOYYODA,TOOL,4,0.4286,-0.7
234,C:\Users\isabel_martins\Documents\ASCAN\Comp_Cognitiva\Desafio\runs\predict_python\crops_margem_desseseis\placa\frame_000234_pad16_0.jpg,TOYYODA,TOOL,4,0.4286,-0.7
235,C:\Users\isabel_martins\Documents\ASCAN\Comp_Cognitiva\Desafio\runs\predict_python\crops_margem_desseseis\placa\frame_000235_pad16_0.jpg,TOYYODA,TOOL,4,0.4286,-0.7
236,C:\Users\isabel_martins\Documents\ASCAN\Comp_Cognitiva\Desafio\runs\predict_python\crops_margem_desseseis\placa\frame_000236_pad16_0.jpg,TOYYODA,TOOL,4,0.4286,-0.7
237,C:\Users\isabel_martins\Documents\ASCAN\Comp_Cognitiva\Desafio\runs\predict_python\crops_margem_desseseis\placa\frame_000237_pad16_0.jpg,TOYYODA,TOOL,4,0.4286,-0.7
238,C:\Users\isabel_martins\Documents\ASCAN\Comp_Cognitiva\Desafio\runs\predict_python\crops_margem_desseseis\placa\frame_000238_pad16_0.jpg,TOYYODA,TOOL,4,0.4286,-0.7
239,C:\Users\isabel_martins\Documents\ASCAN\Comp_Cognitiva\Desafio\runs\predict_python\crops_margem_desseseis\placa\frame_000239_pad16_0.jpg,TOYYODA,TOOL,4,0.4286,-0.7
240,C:\Users\isabel_martins\Documents\ASCAN\Comp_Cognitiva\Desafio\runs\predict_python\crops_margem_desseseis\placa\frame_000240_pad16_0.jpg,TOYYODA,TOOL,4,0.4286,-0.7
241,C:\Users\isabel_martins\Documents\ASCAN\Comp_Cognitiva\Desafio\runs\predict_python\crops_margem_desseseis\placa\frame_000241_pad16_0.jpg,TOYYODA,TOOL,4,0.4286,-0.7
242,C:\Users\isabel_martins\Documents\ASCAN\Comp_Cognitiva\Desafio\runs\predict_python\crops_margem_desseseis\placa\frame_000242_pad16_0.jpg,TOYYODA,TOOL,4,0.4286,-0.7
243,C:\Users\isabel_martins\Documents\ASCAN\Comp_Cognitiva\Desafio\runs\predict_python\crops_margem_desseseis\placa\frame_000243_pad16_0.jpg,TOYYODA,TOOL,4,0.4286,-0.7
244,C:\Users\isabel_martins\Documents\ASCAN\Comp_Cognitiva\Desafio\runs\predict_python\crops_margem_desseseis\placa\frame_000244_pad16_0.jpg,INEED2P,TNEED2P,1,0.8571,-0.8
244,C:\Users\isabel_martins\Documents\ASCAN\Comp_Cognitiva\Desafio\runs\predict_python\crops_margem_desseseis\placa\frame_000244_pad16_1.jpg,INEED2P,7,7,0.0,-0.8
245,C:\Users\isabel_martins\Documents\ASCAN\Comp_Cognitiva\Desafio\runs\predict_python\crops_margem_desseseis\placa\frame_000245_pad16_0.jpg,INEED2P,TNEED2P,1,0.8571,-0.8
245,C:\Users\isabel_martins\Documents\ASCAN\Comp_Cognitiva\Desafio\runs\predict_python\crops_margem_desseseis\placa\frame_000245_pad16_1.jpg,INEED2P,7,7,0.0,-0.8
246,C:\Users\isabel_martins\Documents\ASCAN\Comp_Cognitiva\Desafio\runs\predict_python\crops_margem_desseseis\placa\frame_000246_pad16_0.jpg,INEED2P,TNEED2P,1,0.8571,-0.8
246,C:\Users\isabel_martins\Documents\ASCAN\Comp_Cognitiva\Desafio\runs\predict_python\crops_margem_desseseis\placa\frame_000246_pad16_1.jpg,INEED2P,7,7,0.0,-0.8
247,C:\Users\isabel_martins\Documents\ASCAN\Comp_Cognitiva\Desafio\runs\predict_python\crops_margem_desseseis\placa\frame_000247_pad16_0.jpg,INEED2P,TNEED2P,1,0.8571,-0.8
247,C:\Users\isabel_martins\Documents\ASCAN\Comp_Cognitiva\Desafio\runs\predict_python\crops_margem_desseseis\placa\frame_000247_pad16_1.jpg,INEED2P,7,7,0.0,-0.8
248,C:\Users\isabel_martins\Documents\ASCAN\Comp_Cognitiva\Desafio\runs\predict_python\crops_margem_desseseis\placa\frame_000248_pad16_0.jpg,INEED2P,TNEED2P,1,0.8571,-0.8
248,C:\Users\isabel_martins\Documents\ASCAN\Comp_Cognitiva\Desafio\runs\predict_python\crops_margem_desseseis\placa\frame_000248_pad16_1.jpg,INEED2P,7,7,0.0,-0.8
249,C:\Users\isabel_martins\Documents\ASCAN\Comp_Cognitiva\Desafio\runs\predict_python\crops_margem_desseseis\placa\frame_000249_pad16_0.jpg,INEED2P,TNEED2P,1,0.8571,-0.8
249,C:\Users\isabel_martins\Documents\ASCAN\Comp_Cognitiva\Desafio\runs\predict_python\crops_margem_desseseis\placa\frame_000249_pad16_1.jpg,INEED2P,7,7,0.0,-0.8
250,C:\Users\isabel_martins\Documents\ASCAN\Comp_Cognitiva\Desafio\runs\predict_python\crops_margem_desseseis\placa\frame_000250_pad16_0.jpg,INEED2P,TNEED2P,1,0.8571,-0.8
250,C:\Users\isabel_martins\Documents\ASCAN\Comp_Cognitiva\Desafio\runs\predict_python\crops_margem_desseseis\placa\frame_000250_pad16_1.jpg,INEED2P,7,7,0.0,-0.8
251,C:\Users\isabel_martins\Documents\ASCAN\Comp_Cognitiva\Desafio\runs\predict_python\crops_margem_desseseis\placa\frame_000251_pad16_0.jpg,INEED2P,TNEED2P,1,0.8571,-0.8
251,C:\Users\isabel_martins\Documents\ASCAN\Comp_Cognitiva\Desafio\runs\predict_python\crops_margem_desseseis\placa\frame_000251_pad16_1.jpg,INEED2P,7,7,0.0,-0.8
252,C:\Users\isabel_martins\Documents\ASCAN\Comp_Cognitiva\Desafio\runs\predict_python\crops_margem_desseseis\placa\frame_000252_pad16_0.jpg,INEED2P,TNEED2P,1,0.8571,-0.8
252,C:\Users\isabel_martins\Documents\ASCAN\Comp_Cognitiva\Desafio\runs\predict_python\crops_margem_desseseis\placa\frame_000252_pad16_1.jpg,INEED2P,7,7,0.0,-0.8
253,C:\Users\isabel_martins\Documents\ASCAN\Comp_Cognitiva\Desafio\runs\predict_python\crops_margem_desseseis\placa\frame_000253_pad16_0.jpg,INEED2P,TNEED2P,1,0.8571,-0.8
253,C:\Users\isabel_martins\Documents\ASCAN\Comp_Cognitiva\Desafio\runs\predict_python\crops_margem_desseseis\placa\frame_000253_pad16_1.jpg,INEED2P,7,7,0.0,-0.8
254,C:\Users\isabel_martins\Documents\ASCAN\Comp_Cognitiva\Desafio\runs\predict_python\crops_margem_desseseis\placa\frame_000254_pad16_0.jpg,INEED2P,TNEED2P,1,0.8571,-0.8
254,C:\Users\isabel_martins\Documents\ASCAN\Comp_Cognitiva\Desafio\runs\predict_python\crops_margem_desseseis\placa\frame_000254_pad16_1.jpg,INEED2P,7,7,0.0,-0.8
255,C:\Users\isabel_martins\Documents\ASCAN\Comp_Cognitiva\Desafio\runs\predict_python\crops_margem_desseseis\placa\frame_000255_pad16_0.jpg,INEED2P,TNEED2P,1,0.8571,-0.8
255,C:\Users\isabel_martins\Documents\ASCAN\Comp_Cognitiva\Desafio\runs\predict_python\crops_margem_desseseis\placa\frame_000255_pad16_1.jpg,INEED2P,7,7,0.0,-0.8
256,C:\Users\isabel_martins\Documents\ASCAN\Comp_Cognitiva\Desafio\runs\predict_python\crops_margem_desseseis\placa\frame_000256_pad16_0.jpg,INEED2P,TNEED2P,1,0.8571,-0.8
256,C:\Users\isabel_martins\Documents\ASCAN\Comp_Cognitiva\Desafio\runs\predict_python\crops_margem_desseseis\placa\frame_000256_pad16_1.jpg,INEED2P,7,7,0.0,-0.8
257,C:\Users\isabel_martins\Documents\ASCAN\Comp_Cognitiva\Desafio\runs\predict_python\crops_margem_desseseis\placa\frame_000257_pad16_0.jpg,INEED2P,TNEED2P,1,0.8571,-0.8
257,C:\Users\isabel_martins\Documents\ASCAN\Comp_Cognitiva\Desafio\runs\predict_python\crops_margem_desseseis\placa\frame_000257_pad16_1.jpg,INEED2P,7,7,0.0,-0.8
258,C:\Users\isabel_martins\Documents\ASCAN\Comp_Cognitiva\Desafio\runs\predict_python\crops_margem_desseseis\placa\frame_000258_pad16_0.jpg,INEED2P,TNEED2P,1,0.8571,-0.8
258,C:\Users\isabel_martins\Documents\ASCAN\Comp_Cognitiva\Desafio\runs\predict_python\crops_margem_desseseis\placa\frame_000258_pad16_1.jpg,INEED2P,7,7,0.0,-0.8
259,C:\Users\isabel_martins\Documents\ASCAN\Comp_Cognitiva\Desafio\runs\predict_python\crops_margem_desseseis\placa\frame_000259_pad16_0.jpg,88B88BB,B88688,4,0.4286,-0.8
260,C:\Users\isabel_martins\Documents\ASCAN\Comp_Cognitiva\Desafio\runs\predict_python\crops_margem_desseseis\placa\frame_000260_pad16_0.jpg,88B88BB,8888608,4,0.4286,4.0
261,C:\Users\isabel_martins\Documents\ASCAN\Comp_Cognitiva\Desafio\runs\predict_python\crops_margem_desseseis\placa\frame_000261_pad16_0.jpg,88B88BB,8888608,4,0.4286,4.0
262,C:\Users\isabel_martins\Documents\ASCAN\Comp_Cognitiva\Desafio\runs\predict_python\crops_margem_desseseis\placa\frame_000262_pad16_0.jpg,88B88BB,8888608,4,0.4286,4.0
263,C:\Users\isabel_martins\Documents\ASCAN\Comp_Cognitiva\Desafio\runs\predict_python\crops_margem_desseseis\placa\frame_000263_pad16_0.jpg,88B88BB,8888608,4,0.4286,4.0
264,C:\Users\isabel_martins\Documents\ASCAN\Comp_Cognitiva\Desafio\runs\predict_python\crops_margem_desseseis\placa\frame_000264_pad16_0.jpg,88B88BB,8888608,4,0.4286,4.0
265,C:\Users\isabel_martins\Documents\ASCAN\Comp_Cognitiva\Desafio\runs\predict_python\crops_margem_desseseis\placa\frame_000265_pad16_0.jpg,88B88BB,8888608,4,0.4286,4.0
266,C:\Users\isabel_martins\Documents\ASCAN\Comp_Cognitiva\Desafio\runs\predict_python\crops_margem_desseseis\placa\frame_000266_pad16_0.jpg,88B88BB,8888608,4,0.4286,4.0
267,C:\Users\isabel_martins\Documents\ASCAN\Comp_Cognitiva\Desafio\runs\predict_python\crops_margem_desseseis\placa\frame_000267_pad16_0.jpg,88B88BB,8888,3,0.5714,-0.8
268,C:\Users\isabel_martins\Documents\ASCAN\Comp_Cognitiva\Desafio\runs\predict_python\crops_margem_desseseis\placa\frame_000268_pad16_0.jpg,88B88BB,8888,3,0.5714,-0.8
269,C:\Users\isabel_martins\Documents\ASCAN\Comp_Cognitiva\Desafio\runs\predict_python\crops_margem_desseseis\placa\frame_000269_pad16_0.jpg,88B88BB,8888,3,0.5714,-0.8
270,C:\Users\isabel_martins\Documents\ASCAN\Comp_Cognitiva\Desafio\runs\predict_python\crops_margem_desseseis\placa\frame_000270_pad16_0.jpg,88B88BB,8888,3,0.5714,-0.8
271,C:\Users\isabel_martins\Documents\ASCAN\Comp_Cognitiva\Desafio\runs\predict_python\crops_margem_desseseis\placa\frame_000271_pad16_0.jpg,88B88BB,8888,3,0.5714,-0.8
272,C:\Users\isabel_martins\Documents\ASCAN\Comp_Cognitiva\Desafio\runs\predict_python\crops_margem_desseseis\placa\frame_000272_pad16_0.jpg,88B88BB,8888,3,0.5714,-0.8
273,C:\Users\isabel_martins\Documents\ASCAN\Comp_Cognitiva\Desafio\runs\predict_python\crops_margem_desseseis\placa\frame_000273_pad16_0.jpg,88B88BB,8888,3,0.5714,-0.8
274,C:\Users\isabel_martins\Documents\ASCAN\Comp_Cognitiva\Desafio\runs\predict_python\crops_margem_desseseis\placa\frame_000274_pad16_0.jpg,88B88BB,8888,3,0.5714,-0.8
275,C:\Users\isabel_martins\Documents\ASCAN\Comp_Cognitiva\Desafio\runs\predict_python\crops_margem_desseseis\placa\frame_000275_pad16_0.jpg,88B88BB,8888,3,0.5714,-0.8
276,C:\Users\isabel_martins\Documents\ASCAN\Comp_Cognitiva\Desafio\runs\predict_python\crops_margem_desseseis\placa\frame_000276_pad16_0.jpg,88B88BB,8888,3,0.5714,-0.8
277,C:\Users\isabel_martins\Documents\ASCAN\Comp_Cognitiva\Desafio\runs\predict_python\crops_margem_desseseis\placa\frame_000277_pad16_0.jpg,88B88BB,8888,3,0.5714,-0.8
278,C:\Users\isabel_martins\Documents\ASCAN\Comp_Cognitiva\Desafio\runs\predict_python\crops_margem_desseseis\placa\frame_000278_pad16_0.jpg,88B88BB,8888,3,0.5714,-0.8
279,C:\Users\isabel_martins\Documents\ASCAN\Comp_Cognitiva\Desafio\runs\predict_python\crops_margem_desseseis\placa\frame_000279_pad16_0.jpg,88B88BB,8888,3,0.5714,-0.8
280,C:\Users\isabel_martins\Documents\ASCAN\Comp_Cognitiva\Desafio\runs\predict_python\crops_margem_desseseis\placa\frame_000280_pad16_0.jpg,88B88BB,8888,3,0.5714,-0.8
281,C:\Users\isabel_martins\Documents\ASCAN\Comp_Cognitiva\Desafio\runs\predict_python\crops_margem_desseseis\placa\frame_000281_pad16_0.jpg,88B88BB,8888,3,0.5714,-0.8
282,C:\Users\isabel_martins\Documents\ASCAN\Comp_Cognitiva\Desafio\runs\predict_python\crops_margem_desseseis\placa\frame_000282_pad16_0.jpg,88B88BB,8888,3,0.5714,-0.8
283,C:\Users\isabel_martins\Documents\ASCAN\Comp_Cognitiva\Desafio\runs\predict_python\crops_margem_desseseis\placa\frame_000283_pad16_0.jpg,88B88BB,8888,3,0.5714,-0.8
284,C:\Users\isabel_martins\Documents\ASCAN\Comp_Cognitiva\Desafio\runs\predict_python\crops_margem_desseseis\placa\frame_000284_pad16_0.jpg,88B88BB,8888,3,0.5714,-0.8
285,C:\Users\isabel_martins\Documents\ASCAN\Comp_Cognitiva\Desafio\runs\predict_python\crops_margem_desseseis\placa\frame_000285_pad16_0.jpg,88B88BB,8888,3,0.5714,-0.8
286,C:\Users\isabel_martins\Documents\ASCAN\Comp_Cognitiva\Desafio\runs\predict_python\crops_margem_desseseis\placa\frame_000286_pad16_0.jpg,88B88BB,8888,3,0.5714,-0.8
287,C:\Users\isabel_martins\Documents\ASCAN\Comp_Cognitiva\Desafio\runs\predict_python\crops_margem_desseseis\placa\frame_000287_pad16_0.jpg,88B88BB,8888,3,0.5714,-0.8
288,C:\Users\isabel_martins\Documents\ASCAN\Comp_Cognitiva\Desafio\runs\predict_python\crops_margem_desseseis\placa\frame_000288_pad16_0.jpg,88B88BB,8888,3,0.5714,-0.8
289,C:\Users\isabel_martins\Documents\ASCAN\Comp_Cognitiva\Desafio\runs\predict_python\crops_margem_desseseis\placa\frame_000289_pad16_0.jpg,88B88BB,8888,3,0.5714,-0.8
290,C:\Users\isabel_martins\Documents\ASCAN\Comp_Cognitiva\Desafio\runs\predict_python\crops_margem_desseseis\placa\frame_000290_pad16_0.jpg,88B88BB,8888,3,0.5714,-0.8
291,C:\Users\isabel_martins\Documents\ASCAN\Comp_Cognitiva\Desafio\runs\predict_python\crops_margem_desseseis\placa\frame_000291_pad16_0.jpg,88B88BB,8888,3,0.5714,-0.8
292,C:\Users\isabel_martins\Documents\ASCAN\Comp_Cognitiva\Desafio\runs\predict_python\crops_margem_desseseis\placa\frame_000292_pad16_0.jpg,88B88BB,8888,3,0.5714,-0.8
293,C:\Users\isabel_martins\Documents\ASCAN\Comp_Cognitiva\Desafio\runs\predict_python\crops_margem_desseseis\placa\frame_000293_pad16_0.jpg,88B88BB,8888,3,0.5714,-0.8
294,C:\Users\isabel_martins\Documents\ASCAN\Comp_Cognitiva\Desafio\runs\predict_python\crops_margem_desseseis\placa\frame_000294_pad16_0.jpg,88B88BB,8888,3,0.5714,-0.8
295,C:\Users\isabel_martins\Documents\ASCAN\Comp_Cognitiva\Desafio\runs\predict_python\crops_margem_desseseis\placa\frame_000295_pad16_0.jpg,88B88BB,8888,3,0.5714,-0.8
296,C:\Users\isabel_martins\Documents\ASCAN\Comp_Cognitiva\Desafio\runs\predict_python\crops_margem_desseseis\placa\frame_000296_pad16_0.jpg,88B88BB,888,4,0.4286,-0.8
297,C:\Users\isabel_martins\Documents\ASCAN\Comp_Cognitiva\Desafio\runs\predict_python\crops_margem_desseseis\placa\frame_000297_pad16_0.jpg,88B88BB,888,4,0.4286,-0.8
298,C:\Users\isabel_martins\Documents\ASCAN\Comp_Cognitiva\Desafio\runs\predict_python\crops_margem_desseseis\placa\frame_000298_pad16_0.jpg,88B88BB,888,4,0.4286,-0.8
299,C:\Users\isabel_martins\Documents\ASCAN\Comp_Cognitiva\Desafio\runs\predict_python\crops_margem_desseseis\placa\frame_000299_pad16_0.jpg,88B88BB,888,4,0.4286,-0.8
300,C:\Users\isabel_martins\Documents\ASCAN\Comp_Cognitiva\Desafio\runs\predict_python\crops_margem_desseseis\placa\frame_000300_pad16_0.jpg,88B88BB,888,4,0.4286,-0.8
301,C:\Users\isabel_martins\Documents\ASCAN\Comp_Cognitiva\Desafio\runs\predict_python\crops_margem_desseseis\placa\frame_000301_pad16_0.jpg,88B88BB,888,4,0.4286,-0.8
302,C:\Users\isabel_martins\Documents\ASCAN\Comp_Cognitiva\Desafio\runs\predict_python\crops_margem_desseseis\placa\frame_000302_pad16_0.jpg,88B88BB,888,4,0.4286,-0.8
303,C:\Users\isabel_martins\Documents\ASCAN\Comp_Cognitiva\Desafio\runs\predict_python\crops_margem_desseseis\placa\frame_000303_pad16_0.jpg,88B88BB,888,4,0.4286,-0.8
304,C:\Users\isabel_martins\Documents\ASCAN\Comp_Cognitiva\Desafio\runs\predict_python\crops_margem_desseseis\placa\frame_000304_pad16_0.jpg,88B88BB,888,4,0.4286,-0.8
305,C:\Users\isabel_martins\Documents\ASCAN\Comp_Cognitiva\Desafio\runs\predict_python\crops_margem_desseseis\placa\frame_000305_pad16_0.jpg,88B88BB,888,4,0.4286,-0.8
306,C:\Users\isabel_martins\Documents\ASCAN\Comp_Cognitiva\Desafio\runs\predict_python\crops_margem_desseseis\placa\frame_000306_pad16_0.jpg,88B88BB,888,4,0.4286,-0.8
307,C:\Users\isabel_martins\Documents\ASCAN\Comp_Cognitiva\Desafio\runs\predict_python\crops_margem_desseseis\placa\frame_000307_pad16_0.jpg,88B88BB,888,4,0.4286,-0.8
