frame,det_idx,classe_id,classe_nome,conf,x1,y1,x2,y2,arquivo_bruto,arquivo_otsu,arquivo_adapt
frame_000000.jpg,0,0,placa,0.8413206338882446,279,773,521,869,frame_000000_d0_recorte_dezesseis.jpg,frame_000000_d0_recorte_dezesseis.jpg,frame_000000_d0_recorte_dezesseis.jpg
frame_000001.jpg,0,0,placa,0.841326892375946,278,772,521,869,frame_000001_d0_recorte_dezesseis.jpg,frame_000001_d0_recorte_dezesseis.jpg,frame_000001_d0_recorte_dezesseis.jpg
frame_000002.jpg,0,0,placa,0.8410519361495972,278,772,521,869,frame_000002_d0_recorte_dezesseis.jpg,frame_000002_d0_recorte_dezesseis.jpg,frame_000002_d0_recorte_dezesseis.jpg
frame_000003.jpg,0,0,placa,0.8410519361495972,278,772,521,869,frame_000003_d0_recorte_dezesseis.jpg,frame_000003_d0_recorte_dezesseis.jpg,frame_000003_d0_recorte_dezesseis.jpg
frame_000004.jpg,0,0,placa,0.8410569429397583,278,772,521,869,frame_000004_d0_recorte_dezesseis.jpg,frame_000004_d0_recorte_dezesseis.jpg,frame_000004_d0_recorte_dezesseis.jpg
frame_000005.jpg,0,0,placa,0.8410569429397583,278,772,521,869,frame_000005_d0_recorte_dezesseis.jpg,frame_000005_d0_recorte_dezesseis.jpg,frame_000005_d0_recorte_dezesseis.jpg
frame_000006.jpg,0,0,placa,0.8410566449165344,278,772,521,869,frame_000006_d0_recorte_dezesseis.jpg,frame_000006_d0_recorte_dezesseis.jpg,frame_000006_d0_recorte_dezesseis.jpg
frame_000007.jpg,0,0,placa,0.8410565257072449,278,772,521,869,frame_000007_d0_recorte_dezesseis.jpg,frame_000007_d0_recorte_dezesseis.jpg,frame_000007_d0_recorte_dezesseis.jpg
frame_000008.jpg,0,0,placa,0.8410565257072449,278,772,521,869,frame_000008_d0_recorte_dezesseis.jpg,frame_000008_d0_recorte_dezesseis.jpg,frame_000008_d0_recorte_dezesseis.jpg
frame_000009.jpg,0,0,placa,0.8410569429397583,278,772,521,869,frame_000009_d0_recorte_dezesseis.jpg,frame_000009_d0_recorte_dezesseis.jpg,frame_000009_d0_recorte_dezesseis.jpg
frame_000010.jpg,0,0,placa,0.8410569429397583,278,772,521,869,frame_000010_d0_recorte_dezesseis.jpg,frame_000010_d0_recorte_dezesseis.jpg,frame_000010_d0_recorte_dezesseis.jpg
frame_000011.jpg,0,0,placa,0.8410569429397583,278,772,521,869,frame_000011_d0_recorte_dezesseis.jpg,frame_000011_d0_recorte_dezesseis.jpg,frame_000011_d0_recorte_dezesseis.jpg
frame_000012.jpg,0,0,placa,0.8410569429397583,278,772,521,869,frame_000012_d0_recorte_dezesseis.jpg,frame_000012_d0_recorte_dezesseis.jpg,frame_000012_d0_recorte_dezesseis.jpg
frame_000013.jpg,0,0,placa,0.8410569429397583,278,772,521,869,frame_000013_d0_recorte_dezesseis.jpg,frame_000013_d0_recorte_dezesseis.jpg,frame_000013_d0_recorte_dezesseis.jpg
frame_000014.jpg,0,0,placa,0.8410569429397583,278,772,521,869,frame_000014_d0_recorte_dezesseis.jpg,frame_000014_d0_recorte_dezesseis.jpg,frame_000014_d0_recorte_dezesseis.jpg
frame_000015.jpg,0,0,placa,0.8410569429397583,278,772,521,869,frame_000015_d0_recorte_dezesseis.jpg,frame_000015_d0_recorte_dezesseis.jpg,frame_000015_d0_recorte_dezesseis.jpg
frame_000016.jpg,0,0,placa,0.8410569429397583,278,772,521,869,frame_000016_d0_recorte_dezesseis.jpg,frame_000016_d0_recorte_dezesseis.jpg,frame_000016_d0_recorte_dezesseis.jpg
frame_000017.jpg,0,0,placa,0.8410569429397583,278,772,521,869,frame_000017_d0_recorte_dezesseis.jpg,frame_000017_d0_recorte_dezesseis.jpg,frame_000017_d0_recorte_dezesseis.jpg
frame_000018.jpg,0,0,placa,0.8410569429397583,278,772,521,869,frame_000018_d0_recorte_dezesseis.jpg,frame_000018_d0_recorte_dezesseis.jpg,frame_000018_d0_recorte_dezesseis.jpg
frame_000019.jpg,0,0,placa,0.8410569429397583,278,772,521,869,frame_000019_d0_recorte_dezesseis.jpg,frame_000019_d0_recorte_dezesseis.jpg,frame_000019_d0_recorte_dezesseis.jpg
frame_000021.jpg,0,0,placa,0.8252759575843811,380,563,517,634,frame_000021_d0_recorte_dezesseis.jpg,frame_000021_d0_recorte_dezesseis.jpg,frame_000021_d0_recorte_dezesseis.jpg
frame_000022.jpg,0,0,placa,0.8229339122772217,380,563,516,634,frame_000022_d0_recorte_dezesseis.jpg,frame_000022_d0_recorte_dezesseis.jpg,frame_000022_d0_recorte_dezesseis.jpg
frame_000023.jpg,0,0,placa,0.8229243159294128,380,563,516,634,frame_000023_d0_recorte_dezesseis.jpg,frame_000023_d0_recorte_dezesseis.jpg,frame_000023_d0_recorte_dezesseis.jpg
frame_000024.jpg,0,0,placa,0.8229274153709412,380,563,516,634,frame_000024_d0_recorte_dezesseis.jpg,frame_000024_d0_recorte_dezesseis.jpg,frame_000024_d0_recorte_dezesseis.jpg
frame_000025.jpg,0,0,placa,0.8229274153709412,380,563,516,634,frame_000025_d0_recorte_dezesseis.jpg,frame_000025_d0_recorte_dezesseis.jpg,frame_000025_d0_recorte_dezesseis.jpg
frame_000026.jpg,0,0,placa,0.8229274153709412,380,563,516,634,frame_000026_d0_recorte_dezesseis.jpg,frame_000026_d0_recorte_dezesseis.jpg,frame_000026_d0_recorte_dezesseis.jpg
frame_000027.jpg,0,0,placa,0.8229274153709412,380,563,516,634,frame_000027_d0_recorte_dezesseis.jpg,frame_000027_d0_recorte_dezesseis.jpg,frame_000027_d0_recorte_dezesseis.jpg
frame_000028.jpg,0,0,placa,0.8229243159294128,380,563,516,634,frame_000028_d0_recorte_dezesseis.jpg,frame_000028_d0_recorte_dezesseis.jpg,frame_000028_d0_recorte_dezesseis.jpg
frame_000029.jpg,0,0,placa,0.8229274153709412,380,563,516,634,frame_000029_d0_recorte_dezesseis.jpg,frame_000029_d0_recorte_dezesseis.jpg,frame_000029_d0_recorte_dezesseis.jpg
frame_000030.jpg,0,0,placa,0.8229274153709412,380,563,516,634,frame_000030_d0_recorte_dezesseis.jpg,frame_000030_d0_recorte_dezesseis.jpg,frame_000030_d0_recorte_dezesseis.jpg
frame_000031.jpg,0,0,placa,0.8229274153709412,380,563,516,634,frame_000031_d0_recorte_dezesseis.jpg,frame_000031_d0_recorte_dezesseis.jpg,frame_000031_d0_recorte_dezesseis.jpg
frame_000032.jpg,0,0,placa,0.8229274153709412,380,563,516,634,frame_000032_d0_recorte_dezesseis.jpg,frame_000032_d0_recorte_dezesseis.jpg,frame_000032_d0_recorte_dezesseis.jpg
frame_000033.jpg,0,0,placa,0.8229243159294128,380,563,516,634,frame_000033_d0_recorte_dezesseis.jpg,frame_000033_d0_recorte_dezesseis.jpg,frame_000033_d0_recorte_dezesseis.jpg
frame_000034.jpg,0,0,placa,0.8229274153709412,380,563,516,634,frame_000034_d0_recorte_dezesseis.jpg,frame_000034_d0_recorte_dezesseis.jpg,frame_000034_d0_recorte_dezesseis.jpg
frame_000035.jpg,0,0,placa,0.8229274153709412,380,563,516,634,frame_000035_d0_recorte_dezesseis.jpg,frame_000035_d0_recorte_dezesseis.jpg,frame_000035_d0_recorte_dezesseis.jpg
frame_000036.jpg,0,0,placa,0.8229274153709412,380,563,516,634,frame_000036_d0_recorte_dezesseis.jpg,frame_000036_d0_recorte_dezesseis.jpg,frame_000036_d0_recorte_dezesseis.jpg
frame_000037.jpg,0,0,placa,0.8229274153709412,380,563,516,634,frame_000037_d0_recorte_dezesseis.jpg,frame_000037_d0_recorte_dezesseis.jpg,frame_000037_d0_recorte_dezesseis.jpg
frame_000038.jpg,0,0,placa,0.8229243159294128,380,563,516,634,frame_000038_d0_recorte_dezesseis.jpg,frame_000038_d0_recorte_dezesseis.jpg,frame_000038_d0_recorte_dezesseis.jpg
frame_000039.jpg,0,0,placa,0.8229274153709412,380,563,516,634,frame_000039_d0_recorte_dezesseis.jpg,frame_000039_d0_recorte_dezesseis.jpg,frame_000039_d0_recorte_dezesseis.jpg
frame_000040.jpg,0,0,placa,0.8229274153709412,380,563,516,634,frame_000040_d0_recorte_dezesseis.jpg,frame_000040_d0_recorte_dezesseis.jpg,frame_000040_d0_recorte_dezesseis.jpg
frame_000041.jpg,0,0,placa,0.8229274153709412,380,563,516,634,frame_000041_d0_recorte_dezesseis.jpg,frame_000041_d0_recorte_dezesseis.jpg,frame_000041_d0_recorte_dezesseis.jpg
frame_000042.jpg,0,0,placa,0.8229243159294128,380,563,516,634,frame_000042_d0_recorte_dezesseis.jpg,frame_000042_d0_recorte_dezesseis.jpg,frame_000042_d0_recorte_dezesseis.jpg
frame_000043.jpg,0,0,placa,0.8499654531478882,308,721,462,796,frame_000043_d0_recorte_dezesseis.jpg,frame_000043_d0_recorte_dezesseis.jpg,frame_000043_d0_recorte_dezesseis.jpg
frame_000044.jpg,0,0,placa,0.8499652743339539,308,721,462,796,frame_000044_d0_recorte_dezesseis.jpg,frame_000044_d0_recorte_dezesseis.jpg,frame_000044_d0_recorte_dezesseis.jpg
frame_000045.jpg,0,0,placa,0.8499652743339539,308,721,462,796,frame_000045_d0_recorte_dezesseis.jpg,frame_000045_d0_recorte_dezesseis.jpg,frame_000045_d0_recorte_dezesseis.jpg
frame_000046.jpg,0,0,placa,0.8499652743339539,308,721,462,796,frame_000046_d0_recorte_dezesseis.jpg,frame_000046_d0_recorte_dezesseis.jpg,frame_000046_d0_recorte_dezesseis.jpg
frame_000047.jpg,0,0,placa,0.8499652743339539,308,721,462,796,frame_000047_d0_recorte_dezesseis.jpg,frame_000047_d0_recorte_dezesseis.jpg,frame_000047_d0_recorte_dezesseis.jpg
frame_000048.jpg,0,0,placa,0.8499652743339539,308,721,462,796,frame_000048_d0_recorte_dezesseis.jpg,frame_000048_d0_recorte_dezesseis.jpg,frame_000048_d0_recorte_dezesseis.jpg
frame_000049.jpg,0,0,placa,0.8499652743339539,308,721,462,796,frame_000049_d0_recorte_dezesseis.jpg,frame_000049_d0_recorte_dezesseis.jpg,frame_000049_d0_recorte_dezesseis.jpg
frame_000050.jpg,0,0,placa,0.8499768972396851,308,721,462,796,frame_000050_d0_recorte_dezesseis.jpg,frame_000050_d0_recorte_dezesseis.jpg,frame_000050_d0_recorte_dezesseis.jpg
frame_000051.jpg,0,0,placa,0.8499791026115417,308,721,462,796,frame_000051_d0_recorte_dezesseis.jpg,frame_000051_d0_recorte_dezesseis.jpg,frame_000051_d0_recorte_dezesseis.jpg
frame_000052.jpg,0,0,placa,0.8499791026115417,308,721,462,796,frame_000052_d0_recorte_dezesseis.jpg,frame_000052_d0_recorte_dezesseis.jpg,frame_000052_d0_recorte_dezesseis.jpg
frame_000053.jpg,0,0,placa,0.849979043006897,308,721,462,796,frame_000053_d0_recorte_dezesseis.jpg,frame_000053_d0_recorte_dezesseis.jpg,frame_000053_d0_recorte_dezesseis.jpg
frame_000054.jpg,0,0,placa,0.8576204180717468,308,721,462,797,frame_000054_d0_recorte_dezesseis.jpg,frame_000054_d0_recorte_dezesseis.jpg,frame_000054_d0_recorte_dezesseis.jpg
frame_000055.jpg,0,0,placa,0.8576204180717468,308,721,462,797,frame_000055_d0_recorte_dezesseis.jpg,frame_000055_d0_recorte_dezesseis.jpg,frame_000055_d0_recorte_dezesseis.jpg
frame_000056.jpg,0,0,placa,0.8576204180717468,308,721,462,797,frame_000056_d0_recorte_dezesseis.jpg,frame_000056_d0_recorte_dezesseis.jpg,frame_000056_d0_recorte_dezesseis.jpg
frame_000057.jpg,0,0,placa,0.8576204180717468,308,721,462,797,frame_000057_d0_recorte_dezesseis.jpg,frame_000057_d0_recorte_dezesseis.jpg,frame_000057_d0_recorte_dezesseis.jpg
frame_000058.jpg,0,0,placa,0.8576204180717468,308,721,462,797,frame_000058_d0_recorte_dezesseis.jpg,frame_000058_d0_recorte_dezesseis.jpg,frame_000058_d0_recorte_dezesseis.jpg
frame_000059.jpg,0,0,placa,0.8576204180717468,308,721,462,797,frame_000059_d0_recorte_dezesseis.jpg,frame_000059_d0_recorte_dezesseis.jpg,frame_000059_d0_recorte_dezesseis.jpg
frame_000060.jpg,0,0,placa,0.8576204180717468,308,721,462,797,frame_000060_d0_recorte_dezesseis.jpg,frame_000060_d0_recorte_dezesseis.jpg,frame_000060_d0_recorte_dezesseis.jpg
frame_000061.jpg,0,0,placa,0.7065052390098572,177,802,355,838,frame_000061_d0_recorte_dezesseis.jpg,frame_000061_d0_recorte_dezesseis.jpg,frame_000061_d0_recorte_dezesseis.jpg
frame_000062.jpg,0,0,placa,0.7065836787223816,177,802,355,838,frame_000062_d0_recorte_dezesseis.jpg,frame_000062_d0_recorte_dezesseis.jpg,frame_000062_d0_recorte_dezesseis.jpg
frame_000063.jpg,0,0,placa,0.7065839767456055,177,802,355,838,frame_000063_d0_recorte_dezesseis.jpg,frame_000063_d0_recorte_dezesseis.jpg,frame_000063_d0_recorte_dezesseis.jpg
frame_000064.jpg,0,0,placa,0.7059168219566345,177,802,355,838,frame_000064_d0_recorte_dezesseis.jpg,frame_000064_d0_recorte_dezesseis.jpg,frame_000064_d0_recorte_dezesseis.jpg
frame_000065.jpg,0,0,placa,0.7059168219566345,177,802,355,838,frame_000065_d0_recorte_dezesseis.jpg,frame_000065_d0_recorte_dezesseis.jpg,frame_000065_d0_recorte_dezesseis.jpg
frame_000066.jpg,0,0,placa,0.7060649394989014,177,802,355,838,frame_000066_d0_recorte_dezesseis.jpg,frame_000066_d0_recorte_dezesseis.jpg,frame_000066_d0_recorte_dezesseis.jpg
frame_000067.jpg,0,0,placa,0.7059909105300903,177,802,355,838,frame_000067_d0_recorte_dezesseis.jpg,frame_000067_d0_recorte_dezesseis.jpg,frame_000067_d0_recorte_dezesseis.jpg
frame_000068.jpg,0,0,placa,0.7060649394989014,177,802,355,838,frame_000068_d0_recorte_dezesseis.jpg,frame_000068_d0_recorte_dezesseis.jpg,frame_000068_d0_recorte_dezesseis.jpg
frame_000069.jpg,0,0,placa,0.7060649394989014,177,802,355,838,frame_000069_d0_recorte_dezesseis.jpg,frame_000069_d0_recorte_dezesseis.jpg,frame_000069_d0_recorte_dezesseis.jpg
frame_000070.jpg,0,0,placa,0.7060649394989014,177,802,355,838,frame_000070_d0_recorte_dezesseis.jpg,frame_000070_d0_recorte_dezesseis.jpg,frame_000070_d0_recorte_dezesseis.jpg
frame_000071.jpg,0,0,placa,0.7060649394989014,177,802,355,838,frame_000071_d0_recorte_dezesseis.jpg,frame_000071_d0_recorte_dezesseis.jpg,frame_000071_d0_recorte_dezesseis.jpg
frame_000072.jpg,0,0,placa,0.7059909105300903,177,802,355,838,frame_000072_d0_recorte_dezesseis.jpg,frame_000072_d0_recorte_dezesseis.jpg,frame_000072_d0_recorte_dezesseis.jpg
frame_000073.jpg,0,0,placa,0.7060649394989014,177,802,355,838,frame_000073_d0_recorte_dezesseis.jpg,frame_000073_d0_recorte_dezesseis.jpg,frame_000073_d0_recorte_dezesseis.jpg
frame_000074.jpg,0,0,placa,0.7060649394989014,177,802,355,838,frame_000074_d0_recorte_dezesseis.jpg,frame_000074_d0_recorte_dezesseis.jpg,frame_000074_d0_recorte_dezesseis.jpg
frame_000075.jpg,0,0,placa,0.7060649394989014,177,802,355,838,frame_000075_d0_recorte_dezesseis.jpg,frame_000075_d0_recorte_dezesseis.jpg,frame_000075_d0_recorte_dezesseis.jpg
frame_000076.jpg,0,0,placa,0.7060649394989014,177,802,355,838,frame_000076_d0_recorte_dezesseis.jpg,frame_000076_d0_recorte_dezesseis.jpg,frame_000076_d0_recorte_dezesseis.jpg
frame_000077.jpg,0,0,placa,0.7059909105300903,177,802,355,838,frame_000077_d0_recorte_dezesseis.jpg,frame_000077_d0_recorte_dezesseis.jpg,frame_000077_d0_recorte_dezesseis.jpg
frame_000078.jpg,0,0,placa,0.7060649394989014,177,802,355,838,frame_000078_d0_recorte_dezesseis.jpg,frame_000078_d0_recorte_dezesseis.jpg,frame_000078_d0_recorte_dezesseis.jpg
frame_000079.jpg,0,0,placa,0.7059909105300903,177,802,355,838,frame_000079_d0_recorte_dezesseis.jpg,frame_000079_d0_recorte_dezesseis.jpg,frame_000079_d0_recorte_dezesseis.jpg
frame_000080.jpg,0,0,placa,0.859308123588562,429,623,562,722,frame_000080_d0_recorte_dezesseis.jpg,frame_000080_d0_recorte_dezesseis.jpg,frame_000080_d0_recorte_dezesseis.jpg
frame_000081.jpg,0,0,placa,0.8593406677246094,429,623,562,722,frame_000081_d0_recorte_dezesseis.jpg,frame_000081_d0_recorte_dezesseis.jpg,frame_000081_d0_recorte_dezesseis.jpg
frame_000082.jpg,0,0,placa,0.8593463897705078,429,623,562,722,frame_000082_d0_recorte_dezesseis.jpg,frame_000082_d0_recorte_dezesseis.jpg,frame_000082_d0_recorte_dezesseis.jpg
frame_000083.jpg,0,0,placa,0.8593463897705078,429,623,562,722,frame_000083_d0_recorte_dezesseis.jpg,frame_000083_d0_recorte_dezesseis.jpg,frame_000083_d0_recorte_dezesseis.jpg
frame_000084.jpg,0,0,placa,0.8593463897705078,429,623,562,722,frame_000084_d0_recorte_dezesseis.jpg,frame_000084_d0_recorte_dezesseis.jpg,frame_000084_d0_recorte_dezesseis.jpg
frame_000085.jpg,0,0,placa,0.8593465089797974,429,623,562,722,frame_000085_d0_recorte_dezesseis.jpg,frame_000085_d0_recorte_dezesseis.jpg,frame_000085_d0_recorte_dezesseis.jpg
frame_000086.jpg,0,0,placa,0.8593465089797974,429,623,562,722,frame_000086_d0_recorte_dezesseis.jpg,frame_000086_d0_recorte_dezesseis.jpg,frame_000086_d0_recorte_dezesseis.jpg
frame_000087.jpg,0,0,placa,0.8593465089797974,429,623,562,722,frame_000087_d0_recorte_dezesseis.jpg,frame_000087_d0_recorte_dezesseis.jpg,frame_000087_d0_recorte_dezesseis.jpg
frame_000088.jpg,0,0,placa,0.8593465089797974,429,623,562,722,frame_000088_d0_recorte_dezesseis.jpg,frame_000088_d0_recorte_dezesseis.jpg,frame_000088_d0_recorte_dezesseis.jpg
frame_000089.jpg,0,0,placa,0.8593465089797974,429,623,562,722,frame_000089_d0_recorte_dezesseis.jpg,frame_000089_d0_recorte_dezesseis.jpg,frame_000089_d0_recorte_dezesseis.jpg
frame_000090.jpg,0,0,placa,0.8593465089797974,429,623,562,722,frame_000090_d0_recorte_dezesseis.jpg,frame_000090_d0_recorte_dezesseis.jpg,frame_000090_d0_recorte_dezesseis.jpg
frame_000091.jpg,0,0,placa,0.8593465089797974,429,623,562,722,frame_000091_d0_recorte_dezesseis.jpg,frame_000091_d0_recorte_dezesseis.jpg,frame_000091_d0_recorte_dezesseis.jpg
frame_000092.jpg,0,0,placa,0.8593465089797974,429,623,562,722,frame_000092_d0_recorte_dezesseis.jpg,frame_000092_d0_recorte_dezesseis.jpg,frame_000092_d0_recorte_dezesseis.jpg
frame_000093.jpg,0,0,placa,0.8593465089797974,429,623,562,722,frame_000093_d0_recorte_dezesseis.jpg,frame_000093_d0_recorte_dezesseis.jpg,frame_000093_d0_recorte_dezesseis.jpg
frame_000094.jpg,0,0,placa,0.8593465089797974,429,623,562,722,frame_000094_d0_recorte_dezesseis.jpg,frame_000094_d0_recorte_dezesseis.jpg,frame_000094_d0_recorte_dezesseis.jpg
frame_000095.jpg,0,0,placa,0.8593465089797974,429,623,562,722,frame_000095_d0_recorte_dezesseis.jpg,frame_000095_d0_recorte_dezesseis.jpg,frame_000095_d0_recorte_dezesseis.jpg
frame_000096.jpg,0,0,placa,0.8593465089797974,429,623,562,722,frame_000096_d0_recorte_dezesseis.jpg,frame_000096_d0_recorte_dezesseis.jpg,frame_000096_d0_recorte_dezesseis.jpg
frame_000097.jpg,0,0,placa,0.8593465089797974,429,623,562,722,frame_000097_d0_recorte_dezesseis.jpg,frame_000097_d0_recorte_dezesseis.jpg,frame_000097_d0_recorte_dezesseis.jpg
frame_000098.jpg,0,0,placa,0.8593465089797974,429,623,562,722,frame_000098_d0_recorte_dezesseis.jpg,frame_000098_d0_recorte_dezesseis.jpg,frame_000098_d0_recorte_dezesseis.jpg
frame_000099.jpg,0,0,placa,0.8593465089797974,429,623,562,722,frame_000099_d0_recorte_dezesseis.jpg,frame_000099_d0_recorte_dezesseis.jpg,frame_000099_d0_recorte_dezesseis.jpg
frame_000100.jpg,0,0,placa,0.8593465089797974,429,623,562,722,frame_000100_d0_recorte_dezesseis.jpg,frame_000100_d0_recorte_dezesseis.jpg,frame_000100_d0_recorte_dezesseis.jpg
frame_000101.jpg,0,0,placa,0.8279803395271301,446,380,545,439,frame_000101_d0_recorte_dezesseis.jpg,frame_000101_d0_recorte_dezesseis.jpg,frame_000101_d0_recorte_dezesseis.jpg
frame_000102.jpg,0,0,placa,0.827965259552002,446,380,546,440,frame_000102_d0_recorte_dezesseis.jpg,frame_000102_d0_recorte_dezesseis.jpg,frame_000102_d0_recorte_dezesseis.jpg
frame_000103.jpg,0,0,placa,0.8279649615287781,446,380,546,440,frame_000103_d0_recorte_dezesseis.jpg,frame_000103_d0_recorte_dezesseis.jpg,frame_000103_d0_recorte_dezesseis.jpg
frame_000104.jpg,0,0,placa,0.8279646039009094,446,380,546,440,frame_000104_d0_recorte_dezesseis.jpg,frame_000104_d0_recorte_dezesseis.jpg,frame_000104_d0_recorte_dezesseis.jpg
frame_000105.jpg,0,0,placa,0.8279646039009094,446,380,546,440,frame_000105_d0_recorte_dezesseis.jpg,frame_000105_d0_recorte_dezesseis.jpg,frame_000105_d0_recorte_dezesseis.jpg
frame_000106.jpg,0,0,placa,0.8279650211334229,446,380,546,440,frame_000106_d0_recorte_dezesseis.jpg,frame_000106_d0_recorte_dezesseis.jpg,frame_000106_d0_recorte_dezesseis.jpg
frame_000107.jpg,0,0,placa,0.8256072402000427,447,381,545,438,frame_000107_d0_recorte_dezesseis.jpg,frame_000107_d0_recorte_dezesseis.jpg,frame_000107_d0_recorte_dezesseis.jpg
frame_000108.jpg,0,0,placa,0.8256083130836487,447,381,545,438,frame_000108_d0_recorte_dezesseis.jpg,frame_000108_d0_recorte_dezesseis.jpg,frame_000108_d0_recorte_dezesseis.jpg
frame_000109.jpg,0,0,placa,0.825607180595398,447,381,545,438,frame_000109_d0_recorte_dezesseis.jpg,frame_000109_d0_recorte_dezesseis.jpg,frame_000109_d0_recorte_dezesseis.jpg
frame_000110.jpg,0,0,placa,0.8256070613861084,447,381,545,438,frame_000110_d0_recorte_dezesseis.jpg,frame_000110_d0_recorte_dezesseis.jpg,frame_000110_d0_recorte_dezesseis.jpg
frame_000111.jpg,0,0,placa,0.8256092071533203,447,381,545,438,frame_000111_d0_recorte_dezesseis.jpg,frame_000111_d0_recorte_dezesseis.jpg,frame_000111_d0_recorte_dezesseis.jpg
frame_000112.jpg,0,0,placa,0.8256070613861084,447,381,545,438,frame_000112_d0_recorte_dezesseis.jpg,frame_000112_d0_recorte_dezesseis.jpg,frame_000112_d0_recorte_dezesseis.jpg
frame_000113.jpg,0,0,placa,0.8256061673164368,447,381,545,438,frame_000113_d0_recorte_dezesseis.jpg,frame_000113_d0_recorte_dezesseis.jpg,frame_000113_d0_recorte_dezesseis.jpg
frame_000114.jpg,0,0,placa,0.8256092071533203,447,381,545,438,frame_000114_d0_recorte_dezesseis.jpg,frame_000114_d0_recorte_dezesseis.jpg,frame_000114_d0_recorte_dezesseis.jpg
frame_000115.jpg,0,0,placa,0.8256092071533203,447,381,545,438,frame_000115_d0_recorte_dezesseis.jpg,frame_000115_d0_recorte_dezesseis.jpg,frame_000115_d0_recorte_dezesseis.jpg
frame_000116.jpg,0,0,placa,0.8256092071533203,447,381,545,438,frame_000116_d0_recorte_dezesseis.jpg,frame_000116_d0_recorte_dezesseis.jpg,frame_000116_d0_recorte_dezesseis.jpg
frame_000117.jpg,0,0,placa,0.8256092071533203,447,381,545,438,frame_000117_d0_recorte_dezesseis.jpg,frame_000117_d0_recorte_dezesseis.jpg,frame_000117_d0_recorte_dezesseis.jpg
frame_000118.jpg,0,0,placa,0.7920191884040833,232,976,596,1112,frame_000118_d0_recorte_dezesseis.jpg,frame_000118_d0_recorte_dezesseis.jpg,frame_000118_d0_recorte_dezesseis.jpg
frame_000119.jpg,0,0,placa,0.7921767234802246,232,976,596,1112,frame_000119_d0_recorte_dezesseis.jpg,frame_000119_d0_recorte_dezesseis.jpg,frame_000119_d0_recorte_dezesseis.jpg
frame_000120.jpg,0,0,placa,0.791939914226532,232,976,596,1112,frame_000120_d0_recorte_dezesseis.jpg,frame_000120_d0_recorte_dezesseis.jpg,frame_000120_d0_recorte_dezesseis.jpg
frame_000121.jpg,0,0,placa,0.791939914226532,232,976,596,1112,frame_000121_d0_recorte_dezesseis.jpg,frame_000121_d0_recorte_dezesseis.jpg,frame_000121_d0_recorte_dezesseis.jpg
frame_000122.jpg,0,0,placa,0.791939914226532,232,976,596,1112,frame_000122_d0_recorte_dezesseis.jpg,frame_000122_d0_recorte_dezesseis.jpg,frame_000122_d0_recorte_dezesseis.jpg
frame_000123.jpg,0,0,placa,0.7921778559684753,232,976,596,1112,frame_000123_d0_recorte_dezesseis.jpg,frame_000123_d0_recorte_dezesseis.jpg,frame_000123_d0_recorte_dezesseis.jpg
frame_000124.jpg,0,0,placa,0.7921759486198425,232,976,596,1112,frame_000124_d0_recorte_dezesseis.jpg,frame_000124_d0_recorte_dezesseis.jpg,frame_000124_d0_recorte_dezesseis.jpg
frame_000125.jpg,0,0,placa,0.7921786904335022,232,976,596,1112,frame_000125_d0_recorte_dezesseis.jpg,frame_000125_d0_recorte_dezesseis.jpg,frame_000125_d0_recorte_dezesseis.jpg
frame_000126.jpg,0,0,placa,0.7921786904335022,232,976,596,1112,frame_000126_d0_recorte_dezesseis.jpg,frame_000126_d0_recorte_dezesseis.jpg,frame_000126_d0_recorte_dezesseis.jpg
frame_000127.jpg,0,0,placa,0.7921786904335022,232,976,596,1112,frame_000127_d0_recorte_dezesseis.jpg,frame_000127_d0_recorte_dezesseis.jpg,frame_000127_d0_recorte_dezesseis.jpg
frame_000128.jpg,0,0,placa,0.7921778559684753,232,976,596,1112,frame_000128_d0_recorte_dezesseis.jpg,frame_000128_d0_recorte_dezesseis.jpg,frame_000128_d0_recorte_dezesseis.jpg
frame_000129.jpg,0,0,placa,0.7921759486198425,232,976,596,1112,frame_000129_d0_recorte_dezesseis.jpg,frame_000129_d0_recorte_dezesseis.jpg,frame_000129_d0_recorte_dezesseis.jpg
frame_000130.jpg,0,0,placa,0.7921786904335022,232,976,596,1112,frame_000130_d0_recorte_dezesseis.jpg,frame_000130_d0_recorte_dezesseis.jpg,frame_000130_d0_recorte_dezesseis.jpg
frame_000131.jpg,0,0,placa,0.7921786904335022,232,976,596,1112,frame_000131_d0_recorte_dezesseis.jpg,frame_000131_d0_recorte_dezesseis.jpg,frame_000131_d0_recorte_dezesseis.jpg
frame_000132.jpg,0,0,placa,0.7921786904335022,232,976,596,1112,frame_000132_d0_recorte_dezesseis.jpg,frame_000132_d0_recorte_dezesseis.jpg,frame_000132_d0_recorte_dezesseis.jpg
frame_000133.jpg,0,0,placa,0.7921786904335022,232,976,596,1112,frame_000133_d0_recorte_dezesseis.jpg,frame_000133_d0_recorte_dezesseis.jpg,frame_000133_d0_recorte_dezesseis.jpg
frame_000134.jpg,0,0,placa,0.7921759486198425,232,976,596,1112,frame_000134_d0_recorte_dezesseis.jpg,frame_000134_d0_recorte_dezesseis.jpg,frame_000134_d0_recorte_dezesseis.jpg
frame_000135.jpg,0,0,placa,0.7921786904335022,232,976,596,1112,frame_000135_d0_recorte_dezesseis.jpg,frame_000135_d0_recorte_dezesseis.jpg,frame_000135_d0_recorte_dezesseis.jpg
frame_000136.jpg,0,0,placa,0.7921786904335022,232,976,596,1112,frame_000136_d0_recorte_dezesseis.jpg,frame_000136_d0_recorte_dezesseis.jpg,frame_000136_d0_recorte_dezesseis.jpg
frame_000137.jpg,0,0,placa,0.7921786904335022,232,976,596,1112,frame_000137_d0_recorte_dezesseis.jpg,frame_000137_d0_recorte_dezesseis.jpg,frame_000137_d0_recorte_dezesseis.jpg
frame_000138.jpg,0,0,placa,0.7921786904335022,232,976,596,1112,frame_000138_d0_recorte_dezesseis.jpg,frame_000138_d0_recorte_dezesseis.jpg,frame_000138_d0_recorte_dezesseis.jpg
frame_000139.jpg,0,0,placa,0.7921759486198425,232,976,596,1112,frame_000139_d0_recorte_dezesseis.jpg,frame_000139_d0_recorte_dezesseis.jpg,frame_000139_d0_recorte_dezesseis.jpg
frame_000140.jpg,0,0,placa,0.7921786904335022,232,976,596,1112,frame_000140_d0_recorte_dezesseis.jpg,frame_000140_d0_recorte_dezesseis.jpg,frame_000140_d0_recorte_dezesseis.jpg
frame_000141.jpg,0,0,placa,0.7921786904335022,232,976,596,1112,frame_000141_d0_recorte_dezesseis.jpg,frame_000141_d0_recorte_dezesseis.jpg,frame_000141_d0_recorte_dezesseis.jpg
frame_000142.jpg,0,0,placa,0.7921786904335022,232,976,596,1112,frame_000142_d0_recorte_dezesseis.jpg,frame_000142_d0_recorte_dezesseis.jpg,frame_000142_d0_recorte_dezesseis.jpg
frame_000143.jpg,0,0,placa,0.7921788096427917,232,976,596,1112,frame_000143_d0_recorte_dezesseis.jpg,frame_000143_d0_recorte_dezesseis.jpg,frame_000143_d0_recorte_dezesseis.jpg
frame_000144.jpg,0,0,placa,0.7921760678291321,232,976,596,1112,frame_000144_d0_recorte_dezesseis.jpg,frame_000144_d0_recorte_dezesseis.jpg,frame_000144_d0_recorte_dezesseis.jpg
frame_000145.jpg,0,0,placa,0.7921760678291321,232,976,596,1112,frame_000145_d0_recorte_dezesseis.jpg,frame_000145_d0_recorte_dezesseis.jpg,frame_000145_d0_recorte_dezesseis.jpg
frame_000146.jpg,0,0,placa,0.8786083459854126,281,675,443,753,frame_000146_d0_recorte_dezesseis.jpg,frame_000146_d0_recorte_dezesseis.jpg,frame_000146_d0_recorte_dezesseis.jpg
frame_000147.jpg,0,0,placa,0.878535270690918,281,675,443,753,frame_000147_d0_recorte_dezesseis.jpg,frame_000147_d0_recorte_dezesseis.jpg,frame_000147_d0_recorte_dezesseis.jpg
frame_000148.jpg,0,0,placa,0.878535270690918,281,675,443,753,frame_000148_d0_recorte_dezesseis.jpg,frame_000148_d0_recorte_dezesseis.jpg,frame_000148_d0_recorte_dezesseis.jpg
frame_000149.jpg,0,0,placa,0.8785324096679688,281,675,443,753,frame_000149_d0_recorte_dezesseis.jpg,frame_000149_d0_recorte_dezesseis.jpg,frame_000149_d0_recorte_dezesseis.jpg
frame_000150.jpg,0,0,placa,0.878535270690918,281,675,443,753,frame_000150_d0_recorte_dezesseis.jpg,frame_000150_d0_recorte_dezesseis.jpg,frame_000150_d0_recorte_dezesseis.jpg
frame_000151.jpg,0,0,placa,0.878535270690918,281,675,443,753,frame_000151_d0_recorte_dezesseis.jpg,frame_000151_d0_recorte_dezesseis.jpg,frame_000151_d0_recorte_dezesseis.jpg
frame_000152.jpg,0,0,placa,0.878535270690918,281,675,443,753,frame_000152_d0_recorte_dezesseis.jpg,frame_000152_d0_recorte_dezesseis.jpg,frame_000152_d0_recorte_dezesseis.jpg
frame_000153.jpg,0,0,placa,0.878535270690918,281,675,443,753,frame_000153_d0_recorte_dezesseis.jpg,frame_000153_d0_recorte_dezesseis.jpg,frame_000153_d0_recorte_dezesseis.jpg
frame_000154.jpg,0,0,placa,0.878535270690918,281,675,443,753,frame_000154_d0_recorte_dezesseis.jpg,frame_000154_d0_recorte_dezesseis.jpg,frame_000154_d0_recorte_dezesseis.jpg
frame_000155.jpg,0,0,placa,0.878535270690918,281,675,443,753,frame_000155_d0_recorte_dezesseis.jpg,frame_000155_d0_recorte_dezesseis.jpg,frame_000155_d0_recorte_dezesseis.jpg
frame_000156.jpg,0,0,placa,0.878535270690918,281,675,443,753,frame_000156_d0_recorte_dezesseis.jpg,frame_000156_d0_recorte_dezesseis.jpg,frame_000156_d0_recorte_dezesseis.jpg
frame_000157.jpg,0,0,placa,0.878535270690918,281,675,443,753,frame_000157_d0_recorte_dezesseis.jpg,frame_000157_d0_recorte_dezesseis.jpg,frame_000157_d0_recorte_dezesseis.jpg
frame_000158.jpg,0,0,placa,0.878535270690918,281,675,443,753,frame_000158_d0_recorte_dezesseis.jpg,frame_000158_d0_recorte_dezesseis.jpg,frame_000158_d0_recorte_dezesseis.jpg
frame_000159.jpg,0,0,placa,0.878535270690918,281,675,443,753,frame_000159_d0_recorte_dezesseis.jpg,frame_000159_d0_recorte_dezesseis.jpg,frame_000159_d0_recorte_dezesseis.jpg
frame_000160.jpg,0,0,placa,0.8799517154693604,280,675,443,753,frame_000160_d0_recorte_dezesseis.jpg,frame_000160_d0_recorte_dezesseis.jpg,frame_000160_d0_recorte_dezesseis.jpg
frame_000161.jpg,0,0,placa,0.8736647963523865,265,640,431,724,frame_000161_d0_recorte_dezesseis.jpg,frame_000161_d0_recorte_dezesseis.jpg,frame_000161_d0_recorte_dezesseis.jpg
frame_000162.jpg,0,0,placa,0.8736615180969238,265,640,431,724,frame_000162_d0_recorte_dezesseis.jpg,frame_000162_d0_recorte_dezesseis.jpg,frame_000162_d0_recorte_dezesseis.jpg
frame_000163.jpg,0,0,placa,0.8736615180969238,265,640,431,724,frame_000163_d0_recorte_dezesseis.jpg,frame_000163_d0_recorte_dezesseis.jpg,frame_000163_d0_recorte_dezesseis.jpg
frame_000164.jpg,0,0,placa,0.8736620545387268,265,640,431,724,frame_000164_d0_recorte_dezesseis.jpg,frame_000164_d0_recorte_dezesseis.jpg,frame_000164_d0_recorte_dezesseis.jpg
frame_000165.jpg,0,0,placa,0.8736622333526611,265,640,431,724,frame_000165_d0_recorte_dezesseis.jpg,frame_000165_d0_recorte_dezesseis.jpg,frame_000165_d0_recorte_dezesseis.jpg
frame_000166.jpg,0,0,placa,0.8736620545387268,265,640,431,724,frame_000166_d0_recorte_dezesseis.jpg,frame_000166_d0_recorte_dezesseis.jpg,frame_000166_d0_recorte_dezesseis.jpg
frame_000167.jpg,0,0,placa,0.8736622333526611,265,640,431,724,frame_000167_d0_recorte_dezesseis.jpg,frame_000167_d0_recorte_dezesseis.jpg,frame_000167_d0_recorte_dezesseis.jpg
frame_000168.jpg,0,0,placa,0.8736622333526611,265,640,431,724,frame_000168_d0_recorte_dezesseis.jpg,frame_000168_d0_recorte_dezesseis.jpg,frame_000168_d0_recorte_dezesseis.jpg
frame_000169.jpg,0,0,placa,0.8736622333526611,265,640,431,724,frame_000169_d0_recorte_dezesseis.jpg,frame_000169_d0_recorte_dezesseis.jpg,frame_000169_d0_recorte_dezesseis.jpg
frame_000170.jpg,0,0,placa,0.8736622333526611,265,640,431,724,frame_000170_d0_recorte_dezesseis.jpg,frame_000170_d0_recorte_dezesseis.jpg,frame_000170_d0_recorte_dezesseis.jpg
frame_000171.jpg,0,0,placa,0.8736622333526611,265,640,431,724,frame_000171_d0_recorte_dezesseis.jpg,frame_000171_d0_recorte_dezesseis.jpg,frame_000171_d0_recorte_dezesseis.jpg
frame_000172.jpg,0,0,placa,0.8736622333526611,265,640,431,724,frame_000172_d0_recorte_dezesseis.jpg,frame_000172_d0_recorte_dezesseis.jpg,frame_000172_d0_recorte_dezesseis.jpg
frame_000173.jpg,0,0,placa,0.8736622333526611,265,640,431,724,frame_000173_d0_recorte_dezesseis.jpg,frame_000173_d0_recorte_dezesseis.jpg,frame_000173_d0_recorte_dezesseis.jpg
frame_000174.jpg,0,0,placa,0.8736622333526611,265,640,431,724,frame_000174_d0_recorte_dezesseis.jpg,frame_000174_d0_recorte_dezesseis.jpg,frame_000174_d0_recorte_dezesseis.jpg
frame_000175.jpg,0,0,placa,0.8736622333526611,265,640,431,724,frame_000175_d0_recorte_dezesseis.jpg,frame_000175_d0_recorte_dezesseis.jpg,frame_000175_d0_recorte_dezesseis.jpg
frame_000176.jpg,0,0,placa,0.8736622333526611,265,640,431,724,frame_000176_d0_recorte_dezesseis.jpg,frame_000176_d0_recorte_dezesseis.jpg,frame_000176_d0_recorte_dezesseis.jpg
frame_000177.jpg,0,0,placa,0.8736622333526611,265,640,431,724,frame_000177_d0_recorte_dezesseis.jpg,frame_000177_d0_recorte_dezesseis.jpg,frame_000177_d0_recorte_dezesseis.jpg
frame_000178.jpg,0,0,placa,0.8736622333526611,265,640,431,724,frame_000178_d0_recorte_dezesseis.jpg,frame_000178_d0_recorte_dezesseis.jpg,frame_000178_d0_recorte_dezesseis.jpg
frame_000179.jpg,0,0,placa,0.8736622333526611,265,640,431,724,frame_000179_d0_recorte_dezesseis.jpg,frame_000179_d0_recorte_dezesseis.jpg,frame_000179_d0_recorte_dezesseis.jpg
frame_000180.jpg,0,0,placa,0.8736622333526611,265,640,431,724,frame_000180_d0_recorte_dezesseis.jpg,frame_000180_d0_recorte_dezesseis.jpg,frame_000180_d0_recorte_dezesseis.jpg
frame_000181.jpg,0,0,placa,0.8736622333526611,265,640,431,724,frame_000181_d0_recorte_dezesseis.jpg,frame_000181_d0_recorte_dezesseis.jpg,frame_000181_d0_recorte_dezesseis.jpg
frame_000182.jpg,0,0,placa,0.8736622333526611,265,640,431,724,frame_000182_d0_recorte_dezesseis.jpg,frame_000182_d0_recorte_dezesseis.jpg,frame_000182_d0_recorte_dezesseis.jpg
frame_000183.jpg,0,0,placa,0.8736622333526611,265,640,431,724,frame_000183_d0_recorte_dezesseis.jpg,frame_000183_d0_recorte_dezesseis.jpg,frame_000183_d0_recorte_dezesseis.jpg
frame_000184.jpg,0,0,placa,0.8198179602622986,247,599,444,705,frame_000184_d0_recorte_dezesseis.jpg,frame_000184_d0_recorte_dezesseis.jpg,frame_000184_d0_recorte_dezesseis.jpg
frame_000185.jpg,0,0,placa,0.8198181986808777,247,599,444,705,frame_000185_d0_recorte_dezesseis.jpg,frame_000185_d0_recorte_dezesseis.jpg,frame_000185_d0_recorte_dezesseis.jpg
frame_000186.jpg,0,0,placa,0.8198106288909912,247,599,444,705,frame_000186_d0_recorte_dezesseis.jpg,frame_000186_d0_recorte_dezesseis.jpg,frame_000186_d0_recorte_dezesseis.jpg
frame_000187.jpg,0,0,placa,0.8198106288909912,247,599,444,705,frame_000187_d0_recorte_dezesseis.jpg,frame_000187_d0_recorte_dezesseis.jpg,frame_000187_d0_recorte_dezesseis.jpg
frame_000188.jpg,0,0,placa,0.8198106288909912,247,599,444,705,frame_000188_d0_recorte_dezesseis.jpg,frame_000188_d0_recorte_dezesseis.jpg,frame_000188_d0_recorte_dezesseis.jpg
frame_000189.jpg,0,0,placa,0.8198106288909912,247,599,444,705,frame_000189_d0_recorte_dezesseis.jpg,frame_000189_d0_recorte_dezesseis.jpg,frame_000189_d0_recorte_dezesseis.jpg
frame_000190.jpg,0,0,placa,0.8198181986808777,247,599,444,705,frame_000190_d0_recorte_dezesseis.jpg,frame_000190_d0_recorte_dezesseis.jpg,frame_000190_d0_recorte_dezesseis.jpg
frame_000191.jpg,0,0,placa,0.8198106288909912,247,599,444,705,frame_000191_d0_recorte_dezesseis.jpg,frame_000191_d0_recorte_dezesseis.jpg,frame_000191_d0_recorte_dezesseis.jpg
frame_000192.jpg,0,0,placa,0.8198106288909912,247,599,444,705,frame_000192_d0_recorte_dezesseis.jpg,frame_000192_d0_recorte_dezesseis.jpg,frame_000192_d0_recorte_dezesseis.jpg
frame_000193.jpg,0,0,placa,0.8198106288909912,247,599,444,705,frame_000193_d0_recorte_dezesseis.jpg,frame_000193_d0_recorte_dezesseis.jpg,frame_000193_d0_recorte_dezesseis.jpg
frame_000194.jpg,0,0,placa,0.8198106288909912,247,599,444,705,frame_000194_d0_recorte_dezesseis.jpg,frame_000194_d0_recorte_dezesseis.jpg,frame_000194_d0_recorte_dezesseis.jpg
frame_000195.jpg,0,0,placa,0.8198181986808777,247,599,444,705,frame_000195_d0_recorte_dezesseis.jpg,frame_000195_d0_recorte_dezesseis.jpg,frame_000195_d0_recorte_dezesseis.jpg
frame_000196.jpg,0,0,placa,0.8198106288909912,247,599,444,705,frame_000196_d0_recorte_dezesseis.jpg,frame_000196_d0_recorte_dezesseis.jpg,frame_000196_d0_recorte_dezesseis.jpg
frame_000197.jpg,0,0,placa,0.8198095560073853,247,599,444,705,frame_000197_d0_recorte_dezesseis.jpg,frame_000197_d0_recorte_dezesseis.jpg,frame_000197_d0_recorte_dezesseis.jpg
frame_000198.jpg,0,0,placa,0.8198093175888062,247,599,444,705,frame_000198_d0_recorte_dezesseis.jpg,frame_000198_d0_recorte_dezesseis.jpg,frame_000198_d0_recorte_dezesseis.jpg
frame_000199.jpg,0,0,placa,0.8198143839836121,247,599,444,705,frame_000199_d0_recorte_dezesseis.jpg,frame_000199_d0_recorte_dezesseis.jpg,frame_000199_d0_recorte_dezesseis.jpg
frame_000200.jpg,0,0,placa,0.8198218941688538,247,599,444,705,frame_000200_d0_recorte_dezesseis.jpg,frame_000200_d0_recorte_dezesseis.jpg,frame_000200_d0_recorte_dezesseis.jpg
frame_000201.jpg,0,0,placa,0.8198143839836121,247,599,444,705,frame_000201_d0_recorte_dezesseis.jpg,frame_000201_d0_recorte_dezesseis.jpg,frame_000201_d0_recorte_dezesseis.jpg
frame_000202.jpg,0,0,placa,0.8201749324798584,247,599,444,705,frame_000202_d0_recorte_dezesseis.jpg,frame_000202_d0_recorte_dezesseis.jpg,frame_000202_d0_recorte_dezesseis.jpg
frame_000203.jpg,0,0,placa,0.7895150184631348,248,767,577,885,frame_000203_d0_recorte_dezesseis.jpg,frame_000203_d0_recorte_dezesseis.jpg,frame_000203_d0_recorte_dezesseis.jpg
frame_000204.jpg,0,0,placa,0.7895747423171997,248,767,577,885,frame_000204_d0_recorte_dezesseis.jpg,frame_000204_d0_recorte_dezesseis.jpg,frame_000204_d0_recorte_dezesseis.jpg
frame_000205.jpg,0,0,placa,0.7895753383636475,248,767,577,885,frame_000205_d0_recorte_dezesseis.jpg,frame_000205_d0_recorte_dezesseis.jpg,frame_000205_d0_recorte_dezesseis.jpg
frame_000206.jpg,0,0,placa,0.7895753383636475,248,767,577,885,frame_000206_d0_recorte_dezesseis.jpg,frame_000206_d0_recorte_dezesseis.jpg,frame_000206_d0_recorte_dezesseis.jpg
frame_000207.jpg,0,0,placa,0.7895753383636475,248,767,577,885,frame_000207_d0_recorte_dezesseis.jpg,frame_000207_d0_recorte_dezesseis.jpg,frame_000207_d0_recorte_dezesseis.jpg
frame_000208.jpg,0,0,placa,0.7895175218582153,248,767,577,885,frame_000208_d0_recorte_dezesseis.jpg,frame_000208_d0_recorte_dezesseis.jpg,frame_000208_d0_recorte_dezesseis.jpg
frame_000209.jpg,0,0,placa,0.7895175218582153,248,767,577,885,frame_000209_d0_recorte_dezesseis.jpg,frame_000209_d0_recorte_dezesseis.jpg,frame_000209_d0_recorte_dezesseis.jpg
frame_000210.jpg,0,0,placa,0.7895175218582153,248,767,577,885,frame_000210_d0_recorte_dezesseis.jpg,frame_000210_d0_recorte_dezesseis.jpg,frame_000210_d0_recorte_dezesseis.jpg
frame_000211.jpg,0,0,placa,0.7895175218582153,248,767,577,885,frame_000211_d0_recorte_dezesseis.jpg,frame_000211_d0_recorte_dezesseis.jpg,frame_000211_d0_recorte_dezesseis.jpg
frame_000212.jpg,0,0,placa,0.7895175218582153,248,767,577,885,frame_000212_d0_recorte_dezesseis.jpg,frame_000212_d0_recorte_dezesseis.jpg,frame_000212_d0_recorte_dezesseis.jpg
frame_000213.jpg,0,0,placa,0.7895175218582153,248,767,577,885,frame_000213_d0_recorte_dezesseis.jpg,frame_000213_d0_recorte_dezesseis.jpg,frame_000213_d0_recorte_dezesseis.jpg
frame_000214.jpg,0,0,placa,0.7910552024841309,247,756,575,884,frame_000214_d0_recorte_dezesseis.jpg,frame_000214_d0_recorte_dezesseis.jpg,frame_000214_d0_recorte_dezesseis.jpg
frame_000215.jpg,0,0,placa,0.7910552024841309,247,756,575,884,frame_000215_d0_recorte_dezesseis.jpg,frame_000215_d0_recorte_dezesseis.jpg,frame_000215_d0_recorte_dezesseis.jpg
frame_000216.jpg,0,0,placa,0.7910552024841309,247,756,575,884,frame_000216_d0_recorte_dezesseis.jpg,frame_000216_d0_recorte_dezesseis.jpg,frame_000216_d0_recorte_dezesseis.jpg
frame_000217.jpg,0,0,placa,0.7910552024841309,247,756,575,884,frame_000217_d0_recorte_dezesseis.jpg,frame_000217_d0_recorte_dezesseis.jpg,frame_000217_d0_recorte_dezesseis.jpg
frame_000218.jpg,0,0,placa,0.7910552024841309,247,756,575,884,frame_000218_d0_recorte_dezesseis.jpg,frame_000218_d0_recorte_dezesseis.jpg,frame_000218_d0_recorte_dezesseis.jpg
frame_000219.jpg,0,0,placa,0.7910552024841309,247,756,575,884,frame_000219_d0_recorte_dezesseis.jpg,frame_000219_d0_recorte_dezesseis.jpg,frame_000219_d0_recorte_dezesseis.jpg
frame_000220.jpg,0,0,placa,0.7910552024841309,247,756,575,884,frame_000220_d0_recorte_dezesseis.jpg,frame_000220_d0_recorte_dezesseis.jpg,frame_000220_d0_recorte_dezesseis.jpg
frame_000221.jpg,0,0,placa,0.7910552024841309,247,756,575,884,frame_000221_d0_recorte_dezesseis.jpg,frame_000221_d0_recorte_dezesseis.jpg,frame_000221_d0_recorte_dezesseis.jpg
frame_000222.jpg,0,0,placa,0.7910552024841309,247,756,575,884,frame_000222_d0_recorte_dezesseis.jpg,frame_000222_d0_recorte_dezesseis.jpg,frame_000222_d0_recorte_dezesseis.jpg
frame_000223.jpg,0,0,placa,0.7910552024841309,247,756,575,884,frame_000223_d0_recorte_dezesseis.jpg,frame_000223_d0_recorte_dezesseis.jpg,frame_000223_d0_recorte_dezesseis.jpg
frame_000224.jpg,0,0,placa,0.7910552024841309,247,756,575,884,frame_000224_d0_recorte_dezesseis.jpg,frame_000224_d0_recorte_dezesseis.jpg,frame_000224_d0_recorte_dezesseis.jpg
frame_000225.jpg,0,0,placa,0.850233256816864,153,566,582,747,frame_000225_d0_recorte_dezesseis.jpg,frame_000225_d0_recorte_dezesseis.jpg,frame_000225_d0_recorte_dezesseis.jpg
frame_000226.jpg,0,0,placa,0.8501669764518738,153,566,582,747,frame_000226_d0_recorte_dezesseis.jpg,frame_000226_d0_recorte_dezesseis.jpg,frame_000226_d0_recorte_dezesseis.jpg
frame_000227.jpg,0,0,placa,0.8501585721969604,153,566,582,747,frame_000227_d0_recorte_dezesseis.jpg,frame_000227_d0_recorte_dezesseis.jpg,frame_000227_d0_recorte_dezesseis.jpg
frame_000228.jpg,0,0,placa,0.8501585721969604,153,566,582,747,frame_000228_d0_recorte_dezesseis.jpg,frame_000228_d0_recorte_dezesseis.jpg,frame_000228_d0_recorte_dezesseis.jpg
frame_000229.jpg,0,0,placa,0.8501525521278381,153,566,582,747,frame_000229_d0_recorte_dezesseis.jpg,frame_000229_d0_recorte_dezesseis.jpg,frame_000229_d0_recorte_dezesseis.jpg
frame_000230.jpg,0,0,placa,0.8501530289649963,153,566,582,747,frame_000230_d0_recorte_dezesseis.jpg,frame_000230_d0_recorte_dezesseis.jpg,frame_000230_d0_recorte_dezesseis.jpg
frame_000231.jpg,0,0,placa,0.8501530289649963,153,566,582,747,frame_000231_d0_recorte_dezesseis.jpg,frame_000231_d0_recorte_dezesseis.jpg,frame_000231_d0_recorte_dezesseis.jpg
frame_000232.jpg,0,0,placa,0.8501530289649963,153,566,582,747,frame_000232_d0_recorte_dezesseis.jpg,frame_000232_d0_recorte_dezesseis.jpg,frame_000232_d0_recorte_dezesseis.jpg
frame_000233.jpg,0,0,placa,0.8501530289649963,153,566,582,747,frame_000233_d0_recorte_dezesseis.jpg,frame_000233_d0_recorte_dezesseis.jpg,frame_000233_d0_recorte_dezesseis.jpg
frame_000234.jpg,0,0,placa,0.8501530289649963,153,566,582,747,frame_000234_d0_recorte_dezesseis.jpg,frame_000234_d0_recorte_dezesseis.jpg,frame_000234_d0_recorte_dezesseis.jpg
frame_000235.jpg,0,0,placa,0.8501530289649963,153,566,582,747,frame_000235_d0_recorte_dezesseis.jpg,frame_000235_d0_recorte_dezesseis.jpg,frame_000235_d0_recorte_dezesseis.jpg
frame_000236.jpg,0,0,placa,0.8501530289649963,153,566,582,747,frame_000236_d0_recorte_dezesseis.jpg,frame_000236_d0_recorte_dezesseis.jpg,frame_000236_d0_recorte_dezesseis.jpg
frame_000237.jpg,0,0,placa,0.8501530289649963,153,566,582,747,frame_000237_d0_recorte_dezesseis.jpg,frame_000237_d0_recorte_dezesseis.jpg,frame_000237_d0_recorte_dezesseis.jpg
frame_000238.jpg,0,0,placa,0.8501530289649963,153,566,582,747,frame_000238_d0_recorte_dezesseis.jpg,frame_000238_d0_recorte_dezesseis.jpg,frame_000238_d0_recorte_dezesseis.jpg
frame_000239.jpg,0,0,placa,0.8501530289649963,153,566,582,747,frame_000239_d0_recorte_dezesseis.jpg,frame_000239_d0_recorte_dezesseis.jpg,frame_000239_d0_recorte_dezesseis.jpg
frame_000240.jpg,0,0,placa,0.8501530289649963,153,566,582,747,frame_000240_d0_recorte_dezesseis.jpg,frame_000240_d0_recorte_dezesseis.jpg,frame_000240_d0_recorte_dezesseis.jpg
frame_000241.jpg,0,0,placa,0.8501530289649963,153,566,582,747,frame_000241_d0_recorte_dezesseis.jpg,frame_000241_d0_recorte_dezesseis.jpg,frame_000241_d0_recorte_dezesseis.jpg
frame_000242.jpg,0,0,placa,0.8501530289649963,153,566,582,747,frame_000242_d0_recorte_dezesseis.jpg,frame_000242_d0_recorte_dezesseis.jpg,frame_000242_d0_recorte_dezesseis.jpg
frame_000243.jpg,0,0,placa,0.8501530289649963,153,566,582,747,frame_000243_d0_recorte_dezesseis.jpg,frame_000243_d0_recorte_dezesseis.jpg,frame_000243_d0_recorte_dezesseis.jpg
frame_000244.jpg,0,0,placa,0.8732714653015137,251,570,461,671,frame_000244_d0_recorte_dezesseis.jpg,frame_000244_d0_recorte_dezesseis.jpg,frame_000244_d0_recorte_dezesseis.jpg
frame_000244.jpg,1,0,placa,0.418678879737854,264,262,435,307,frame_000244_d1_recorte_dezesseis.jpg,frame_000244_d1_recorte_dezesseis.jpg,frame_000244_d1_recorte_dezesseis.jpg
frame_000245.jpg,0,0,placa,0.8734282851219177,251,570,461,671,frame_000245_d0_recorte_dezesseis.jpg,frame_000245_d0_recorte_dezesseis.jpg,frame_000245_d0_recorte_dezesseis.jpg
frame_000245.jpg,1,0,placa,0.4193664491176605,264,262,435,307,frame_000245_d1_recorte_dezesseis.jpg,frame_000245_d1_recorte_dezesseis.jpg,frame_000245_d1_recorte_dezesseis.jpg
frame_000246.jpg,0,0,placa,0.8734268546104431,251,570,461,671,frame_000246_d0_recorte_dezesseis.jpg,frame_000246_d0_recorte_dezesseis.jpg,frame_000246_d0_recorte_dezesseis.jpg
frame_000246.jpg,1,0,placa,0.4191844165325165,264,262,435,307,frame_000246_d1_recorte_dezesseis.jpg,frame_000246_d1_recorte_dezesseis.jpg,frame_000246_d1_recorte_dezesseis.jpg
frame_000247.jpg,0,0,placa,0.8734268546104431,251,570,461,671,frame_000247_d0_recorte_dezesseis.jpg,frame_000247_d0_recorte_dezesseis.jpg,frame_000247_d0_recorte_dezesseis.jpg
frame_000247.jpg,1,0,placa,0.4191844165325165,264,262,435,307,frame_000247_d1_recorte_dezesseis.jpg,frame_000247_d1_recorte_dezesseis.jpg,frame_000247_d1_recorte_dezesseis.jpg
frame_000248.jpg,0,0,placa,0.8734268546104431,251,570,461,671,frame_000248_d0_recorte_dezesseis.jpg,frame_000248_d0_recorte_dezesseis.jpg,frame_000248_d0_recorte_dezesseis.jpg
frame_000248.jpg,1,0,placa,0.4191844165325165,264,262,435,307,frame_000248_d1_recorte_dezesseis.jpg,frame_000248_d1_recorte_dezesseis.jpg,frame_000248_d1_recorte_dezesseis.jpg
frame_000249.jpg,0,0,placa,0.8734268546104431,251,570,461,671,frame_000249_d0_recorte_dezesseis.jpg,frame_000249_d0_recorte_dezesseis.jpg,frame_000249_d0_recorte_dezesseis.jpg
frame_000249.jpg,1,0,placa,0.4191844165325165,264,262,435,307,frame_000249_d1_recorte_dezesseis.jpg,frame_000249_d1_recorte_dezesseis.jpg,frame_000249_d1_recorte_dezesseis.jpg
frame_000250.jpg,0,0,placa,0.8734282851219177,251,570,461,671,frame_000250_d0_recorte_dezesseis.jpg,frame_000250_d0_recorte_dezesseis.jpg,frame_000250_d0_recorte_dezesseis.jpg
frame_000250.jpg,1,0,placa,0.4193664491176605,264,262,435,307,frame_000250_d1_recorte_dezesseis.jpg,frame_000250_d1_recorte_dezesseis.jpg,frame_000250_d1_recorte_dezesseis.jpg
frame_000251.jpg,0,0,placa,0.8734268546104431,251,570,461,671,frame_000251_d0_recorte_dezesseis.jpg,frame_000251_d0_recorte_dezesseis.jpg,frame_000251_d0_recorte_dezesseis.jpg
frame_000251.jpg,1,0,placa,0.41918742656707764,264,262,435,307,frame_000251_d1_recorte_dezesseis.jpg,frame_000251_d1_recorte_dezesseis.jpg,frame_000251_d1_recorte_dezesseis.jpg
frame_000252.jpg,0,0,placa,0.8734268546104431,251,570,461,671,frame_000252_d0_recorte_dezesseis.jpg,frame_000252_d0_recorte_dezesseis.jpg,frame_000252_d0_recorte_dezesseis.jpg
frame_000252.jpg,1,0,placa,0.4191844165325165,264,262,435,307,frame_000252_d1_recorte_dezesseis.jpg,frame_000252_d1_recorte_dezesseis.jpg,frame_000252_d1_recorte_dezesseis.jpg
frame_000253.jpg,0,0,placa,0.8734268546104431,251,570,461,671,frame_000253_d0_recorte_dezesseis.jpg,frame_000253_d0_recorte_dezesseis.jpg,frame_000253_d0_recorte_dezesseis.jpg
frame_000253.jpg,1,0,placa,0.4191844165325165,264,262,435,307,frame_000253_d1_recorte_dezesseis.jpg,frame_000253_d1_recorte_dezesseis.jpg,frame_000253_d1_recorte_dezesseis.jpg
frame_000254.jpg,0,0,placa,0.8734268546104431,251,570,461,671,frame_000254_d0_recorte_dezesseis.jpg,frame_000254_d0_recorte_dezesseis.jpg,frame_000254_d0_recorte_dezesseis.jpg
frame_000254.jpg,1,0,placa,0.4191844165325165,264,262,435,307,frame_000254_d1_recorte_dezesseis.jpg,frame_000254_d1_recorte_dezesseis.jpg,frame_000254_d1_recorte_dezesseis.jpg
frame_000255.jpg,0,0,placa,0.8734282851219177,251,570,461,671,frame_000255_d0_recorte_dezesseis.jpg,frame_000255_d0_recorte_dezesseis.jpg,frame_000255_d0_recorte_dezesseis.jpg
frame_000255.jpg,1,0,placa,0.4193664491176605,264,262,435,307,frame_000255_d1_recorte_dezesseis.jpg,frame_000255_d1_recorte_dezesseis.jpg,frame_000255_d1_recorte_dezesseis.jpg
frame_000256.jpg,0,0,placa,0.8734298348426819,251,570,461,671,frame_000256_d0_recorte_dezesseis.jpg,frame_000256_d0_recorte_dezesseis.jpg,frame_000256_d0_recorte_dezesseis.jpg
frame_000256.jpg,1,0,placa,0.41922661662101746,264,262,435,307,frame_000256_d1_recorte_dezesseis.jpg,frame_000256_d1_recorte_dezesseis.jpg,frame_000256_d1_recorte_dezesseis.jpg
frame_000257.jpg,0,0,placa,0.8734268546104431,251,570,461,671,frame_000257_d0_recorte_dezesseis.jpg,frame_000257_d0_recorte_dezesseis.jpg,frame_000257_d0_recorte_dezesseis.jpg
frame_000257.jpg,1,0,placa,0.4191844165325165,264,262,435,307,frame_000257_d1_recorte_dezesseis.jpg,frame_000257_d1_recorte_dezesseis.jpg,frame_000257_d1_recorte_dezesseis.jpg
frame_000258.jpg,0,0,placa,0.8734282851219177,251,570,461,671,frame_000258_d0_recorte_dezesseis.jpg,frame_000258_d0_recorte_dezesseis.jpg,frame_000258_d0_recorte_dezesseis.jpg
frame_000258.jpg,1,0,placa,0.4193664491176605,264,262,435,307,frame_000258_d1_recorte_dezesseis.jpg,frame_000258_d1_recorte_dezesseis.jpg,frame_000258_d1_recorte_dezesseis.jpg
frame_000259.jpg,0,0,placa,0.8690990209579468,266,888,472,985,frame_000259_d0_recorte_dezesseis.jpg,frame_000259_d0_recorte_dezesseis.jpg,frame_000259_d0_recorte_dezesseis.jpg
frame_000260.jpg,0,0,placa,0.8725557327270508,266,888,472,986,frame_000260_d0_recorte_dezesseis.jpg,frame_000260_d0_recorte_dezesseis.jpg,frame_000260_d0_recorte_dezesseis.jpg
frame_000261.jpg,0,0,placa,0.8725557327270508,266,888,472,986,frame_000261_d0_recorte_dezesseis.jpg,frame_000261_d0_recorte_dezesseis.jpg,frame_000261_d0_recorte_dezesseis.jpg
frame_000262.jpg,0,0,placa,0.8725336194038391,266,888,472,986,frame_000262_d0_recorte_dezesseis.jpg,frame_000262_d0_recorte_dezesseis.jpg,frame_000262_d0_recorte_dezesseis.jpg
frame_000263.jpg,0,0,placa,0.8725336194038391,266,888,472,986,frame_000263_d0_recorte_dezesseis.jpg,frame_000263_d0_recorte_dezesseis.jpg,frame_000263_d0_recorte_dezesseis.jpg
frame_000264.jpg,0,0,placa,0.8725336194038391,266,888,472,986,frame_000264_d0_recorte_dezesseis.jpg,frame_000264_d0_recorte_dezesseis.jpg,frame_000264_d0_recorte_dezesseis.jpg
frame_000265.jpg,0,0,placa,0.8725336194038391,266,888,472,986,frame_000265_d0_recorte_dezesseis.jpg,frame_000265_d0_recorte_dezesseis.jpg,frame_000265_d0_recorte_dezesseis.jpg
frame_000266.jpg,0,0,placa,0.8725336194038391,266,888,472,986,frame_000266_d0_recorte_dezesseis.jpg,frame_000266_d0_recorte_dezesseis.jpg,frame_000266_d0_recorte_dezesseis.jpg
frame_000267.jpg,0,0,placa,0.8702581524848938,266,889,472,987,frame_000267_d0_recorte_dezesseis.jpg,frame_000267_d0_recorte_dezesseis.jpg,frame_000267_d0_recorte_dezesseis.jpg
frame_000268.jpg,0,0,placa,0.8703336119651794,266,889,472,987,frame_000268_d0_recorte_dezesseis.jpg,frame_000268_d0_recorte_dezesseis.jpg,frame_000268_d0_recorte_dezesseis.jpg
frame_000269.jpg,0,0,placa,0.8703336119651794,266,889,472,987,frame_000269_d0_recorte_dezesseis.jpg,frame_000269_d0_recorte_dezesseis.jpg,frame_000269_d0_recorte_dezesseis.jpg
frame_000270.jpg,0,0,placa,0.8703336119651794,266,889,472,987,frame_000270_d0_recorte_dezesseis.jpg,frame_000270_d0_recorte_dezesseis.jpg,frame_000270_d0_recorte_dezesseis.jpg
frame_000271.jpg,0,0,placa,0.8703336119651794,266,889,472,987,frame_000271_d0_recorte_dezesseis.jpg,frame_000271_d0_recorte_dezesseis.jpg,frame_000271_d0_recorte_dezesseis.jpg
frame_000272.jpg,0,0,placa,0.8703336119651794,266,889,472,987,frame_000272_d0_recorte_dezesseis.jpg,frame_000272_d0_recorte_dezesseis.jpg,frame_000272_d0_recorte_dezesseis.jpg
frame_000273.jpg,0,0,placa,0.8703336119651794,266,889,472,987,frame_000273_d0_recorte_dezesseis.jpg,frame_000273_d0_recorte_dezesseis.jpg,frame_000273_d0_recorte_dezesseis.jpg
frame_000274.jpg,0,0,placa,0.8703336119651794,266,889,472,987,frame_000274_d0_recorte_dezesseis.jpg,frame_000274_d0_recorte_dezesseis.jpg,frame_000274_d0_recorte_dezesseis.jpg
frame_000275.jpg,0,0,placa,0.8703336119651794,266,889,472,987,frame_000275_d0_recorte_dezesseis.jpg,frame_000275_d0_recorte_dezesseis.jpg,frame_000275_d0_recorte_dezesseis.jpg
frame_000276.jpg,0,0,placa,0.8703336119651794,266,889,472,987,frame_000276_d0_recorte_dezesseis.jpg,frame_000276_d0_recorte_dezesseis.jpg,frame_000276_d0_recorte_dezesseis.jpg
frame_000277.jpg,0,0,placa,0.8703336119651794,266,889,472,987,frame_000277_d0_recorte_dezesseis.jpg,frame_000277_d0_recorte_dezesseis.jpg,frame_000277_d0_recorte_dezesseis.jpg
frame_000278.jpg,0,0,placa,0.8703336119651794,266,889,472,987,frame_000278_d0_recorte_dezesseis.jpg,frame_000278_d0_recorte_dezesseis.jpg,frame_000278_d0_recorte_dezesseis.jpg
frame_000279.jpg,0,0,placa,0.8703336119651794,266,889,472,987,frame_000279_d0_recorte_dezesseis.jpg,frame_000279_d0_recorte_dezesseis.jpg,frame_000279_d0_recorte_dezesseis.jpg
frame_000280.jpg,0,0,placa,0.8703336119651794,266,889,472,987,frame_000280_d0_recorte_dezesseis.jpg,frame_000280_d0_recorte_dezesseis.jpg,frame_000280_d0_recorte_dezesseis.jpg
frame_000281.jpg,0,0,placa,0.8703336119651794,266,889,472,987,frame_000281_d0_recorte_dezesseis.jpg,frame_000281_d0_recorte_dezesseis.jpg,frame_000281_d0_recorte_dezesseis.jpg
frame_000282.jpg,0,0,placa,0.8703336119651794,266,889,472,987,frame_000282_d0_recorte_dezesseis.jpg,frame_000282_d0_recorte_dezesseis.jpg,frame_000282_d0_recorte_dezesseis.jpg
frame_000283.jpg,0,0,placa,0.8703336119651794,266,889,472,987,frame_000283_d0_recorte_dezesseis.jpg,frame_000283_d0_recorte_dezesseis.jpg,frame_000283_d0_recorte_dezesseis.jpg
frame_000284.jpg,0,0,placa,0.8703336119651794,266,889,472,987,frame_000284_d0_recorte_dezesseis.jpg,frame_000284_d0_recorte_dezesseis.jpg,frame_000284_d0_recorte_dezesseis.jpg
frame_000285.jpg,0,0,placa,0.8703336119651794,266,889,472,987,frame_000285_d0_recorte_dezesseis.jpg,frame_000285_d0_recorte_dezesseis.jpg,frame_000285_d0_recorte_dezesseis.jpg
frame_000286.jpg,0,0,placa,0.8703336119651794,266,889,472,987,frame_000286_d0_recorte_dezesseis.jpg,frame_000286_d0_recorte_dezesseis.jpg,frame_000286_d0_recorte_dezesseis.jpg
frame_000287.jpg,0,0,placa,0.8703336119651794,266,889,472,987,frame_000287_d0_recorte_dezesseis.jpg,frame_000287_d0_recorte_dezesseis.jpg,frame_000287_d0_recorte_dezesseis.jpg
frame_000288.jpg,0,0,placa,0.8703336119651794,266,889,472,987,frame_000288_d0_recorte_dezesseis.jpg,frame_000288_d0_recorte_dezesseis.jpg,frame_000288_d0_recorte_dezesseis.jpg
frame_000289.jpg,0,0,placa,0.8703336119651794,266,889,472,987,frame_000289_d0_recorte_dezesseis.jpg,frame_000289_d0_recorte_dezesseis.jpg,frame_000289_d0_recorte_dezesseis.jpg
frame_000290.jpg,0,0,placa,0.8703336119651794,266,889,472,987,frame_000290_d0_recorte_dezesseis.jpg,frame_000290_d0_recorte_dezesseis.jpg,frame_000290_d0_recorte_dezesseis.jpg
frame_000291.jpg,0,0,placa,0.8703336119651794,266,889,472,987,frame_000291_d0_recorte_dezesseis.jpg,frame_000291_d0_recorte_dezesseis.jpg,frame_000291_d0_recorte_dezesseis.jpg
frame_000292.jpg,0,0,placa,0.8703336119651794,266,889,472,987,frame_000292_d0_recorte_dezesseis.jpg,frame_000292_d0_recorte_dezesseis.jpg,frame_000292_d0_recorte_dezesseis.jpg
frame_000293.jpg,0,0,placa,0.8703336119651794,266,889,472,987,frame_000293_d0_recorte_dezesseis.jpg,frame_000293_d0_recorte_dezesseis.jpg,frame_000293_d0_recorte_dezesseis.jpg
frame_000294.jpg,0,0,placa,0.8703336119651794,266,889,472,987,frame_000294_d0_recorte_dezesseis.jpg,frame_000294_d0_recorte_dezesseis.jpg,frame_000294_d0_recorte_dezesseis.jpg
frame_000295.jpg,0,0,placa,0.868711531162262,266,889,472,987,frame_000295_d0_recorte_dezesseis.jpg,frame_000295_d0_recorte_dezesseis.jpg,frame_000295_d0_recorte_dezesseis.jpg
frame_000296.jpg,0,0,placa,0.8686332106590271,266,889,472,987,frame_000296_d0_recorte_dezesseis.jpg,frame_000296_d0_recorte_dezesseis.jpg,frame_000296_d0_recorte_dezesseis.jpg
frame_000297.jpg,0,0,placa,0.8684797883033752,266,889,472,987,frame_000297_d0_recorte_dezesseis.jpg,frame_000297_d0_recorte_dezesseis.jpg,frame_000297_d0_recorte_dezesseis.jpg
frame_000298.jpg,0,0,placa,0.8685578107833862,266,889,472,987,frame_000298_d0_recorte_dezesseis.jpg,frame_000298_d0_recorte_dezesseis.jpg,frame_000298_d0_recorte_dezesseis.jpg
frame_000299.jpg,0,0,placa,0.8685494065284729,266,889,472,987,frame_000299_d0_recorte_dezesseis.jpg,frame_000299_d0_recorte_dezesseis.jpg,frame_000299_d0_recorte_dezesseis.jpg
frame_000300.jpg,0,0,placa,0.8685494065284729,266,889,472,987,frame_000300_d0_recorte_dezesseis.jpg,frame_000300_d0_recorte_dezesseis.jpg,frame_000300_d0_recorte_dezesseis.jpg
frame_000301.jpg,0,0,placa,0.8685494065284729,266,889,472,987,frame_000301_d0_recorte_dezesseis.jpg,frame_000301_d0_recorte_dezesseis.jpg,frame_000301_d0_recorte_dezesseis.jpg
frame_000302.jpg,0,0,placa,0.8685494065284729,266,889,472,987,frame_000302_d0_recorte_dezesseis.jpg,frame_000302_d0_recorte_dezesseis.jpg,frame_000302_d0_recorte_dezesseis.jpg
frame_000303.jpg,0,0,placa,0.8685494065284729,266,889,472,987,frame_000303_d0_recorte_dezesseis.jpg,frame_000303_d0_recorte_dezesseis.jpg,frame_000303_d0_recorte_dezesseis.jpg
frame_000304.jpg,0,0,placa,0.8685494065284729,266,889,472,987,frame_000304_d0_recorte_dezesseis.jpg,frame_000304_d0_recorte_dezesseis.jpg,frame_000304_d0_recorte_dezesseis.jpg
frame_000305.jpg,0,0,placa,0.8685494065284729,266,889,472,987,frame_000305_d0_recorte_dezesseis.jpg,frame_000305_d0_recorte_dezesseis.jpg,frame_000305_d0_recorte_dezesseis.jpg
frame_000306.jpg,0,0,placa,0.8685494065284729,266,889,472,987,frame_000306_d0_recorte_dezesseis.jpg,frame_000306_d0_recorte_dezesseis.jpg,frame_000306_d0_recorte_dezesseis.jpg
frame_000307.jpg,0,0,placa,0.8685494065284729,266,889,472,987,frame_000307_d0_recorte_dezesseis.jpg,frame_000307_d0_recorte_dezesseis.jpg,frame_000307_d0_recorte_dezesseis.jpg
