idx,arquivo,ref_idx,mse_gray_ref,ssim_gray_ref,ssim_color_ref,mse_gray_prev,ssim_gray_prev,lap_var
0,frame_000000.jpg,18,0.035029586404561996,0.25670018123398275,0.25456610321998596,nan,nan,1921.453923136151
1,frame_000001.jpg,18,0.04536500573158264,0.1953759748288924,0.1929098218679428,0.00799095630645752,0.5993511105152172,1716.0560134404677
2,frame_0000012.jpg,18,0.06707096099853516,0.12640887893018324,0.12074891477823257,0.05633246898651123,0.15995568674751423,390.0045502986228
3,frame_000002.jpg,18,0.025387022644281387,0.37275261325671477,0.3707524538040161,0.05368927866220474,0.11008720102557717,1770.1353241219485
4,frame_0000022.jpg,18,0.06515126675367355,0.16843730564925702,0.15903204679489136,0.05228816345334053,0.18495135285978517,464.98693398920767
5,frame_000003.jpg,18,0.03818654268980026,0.2700925256026515,0.2687656581401825,0.06214997172355652,0.1503652171417661,3038.558765432099
6,frame_000004.jpg,18,0.04813976213335991,0.1892947821844753,0.18831026554107666,0.01038105133920908,0.6288682100566049,3013.0339918367345
7,frame_000005.jpg,18,0.02661031484603882,0.36618735823277937,0.3650512397289276,0.024799112230539322,0.37348272880030525,2839.8435149375
8,frame_000006.jpg,18,0.02453232929110527,0.386877115323295,0.3858923614025116,0.00828503631055355,0.6606647733121723,3449.7253757398803
9,frame_000007.jpg,18,0.053046710789203644,0.21742218048140247,0.21625083684921265,0.04345070198178291,0.20161460433941525,4400.536563363945
10,frame_000008.jpg,18,0.05740430951118469,0.15343341572406893,0.15239566564559937,0.022241346538066864,0.4136717526627527,5248.443105946081
11,frame_000009.jpg,18,0.042728058993816376,0.21905354962876383,0.21965672075748444,0.02541307732462883,0.43147837285455254,4555.0077107751285
12,frame_000010.jpg,18,0.022069912403821945,0.4682746214591403,0.46730974316596985,0.044408343732357025,0.07023208143476783,4721.640693589412
13,frame_000011.jpg,18,0.04131731390953064,0.24205186183994964,0.24009041488170624,0.035784993320703506,0.3460760054259255,5104.722499911422
14,frame_000012.jpg,18,0.043709710240364075,0.31930341281511027,0.31714361906051636,0.04036470130085945,0.1688539448492013,5358.072552777777
15,frame_000013.jpg,18,0.04450773447751999,0.22907078982548862,0.22756965458393097,0.013620338402688503,0.5489701191037534,4442.415521052631
16,frame_000014.jpg,18,0.037073664367198944,0.2639386376438976,0.26328587532043457,0.02918422967195511,0.35533297222422056,5251.503626042597
17,frame_000015.jpg,18,0.008974622935056686,0.6949795910693093,0.693802535533905,0.030565064400434494,0.30098420870430354,4786.506559181071
18,frame_000016.jpg,18,0.0,1.0,1.0,0.008974622935056686,0.6949795910693093,5891.46937186098
19,frame_000017.jpg,18,0.04961612820625305,0.10280895166886489,0.10162068158388138,0.04961612820625305,0.10280895166886489,5360.319969964623
20,frame_000018.jpg,18,0.05387956649065018,0.10285303617508844,0.102519690990448,0.01818113401532173,0.46803653220131103,4913.8335477499995
21,frame_000019.jpg,18,0.036724790930747986,0.3038903862705016,0.30255573987960815,0.03513677418231964,0.2980575516660411,4523.6824285147395
22,frame_000020.jpg,18,0.028510935604572296,0.3436269253365224,0.34314075112342834,0.03961405158042908,0.1043199237504901,5049.958843474602
23,frame_000021.jpg,18,0.04087481647729874,0.24525734751724756,0.2454601675271988,0.03162287548184395,0.37289616415633525,4498.935818064712
24,frame_000022.jpg,18,0.041558995842933655,0.24285483689677775,0.24224798381328583,0.018209680914878845,0.5626754675950921,4299.6216155305665
25,frame_000023.jpg,18,0.04141741618514061,0.25375327940556625,0.25309517979621887,0.022883929312229156,0.4552809217181982,4538.376689990131
26,frame_000024.jpg,18,0.042724914848804474,0.2497559510263178,0.24835382401943207,0.013596607372164726,0.6077095723095421,5394.583775974538
27,frame_000025.jpg,18,0.04031163454055786,0.27190567100058843,0.27142783999443054,0.016891345381736755,0.5999253103700174,4954.176209335867
28,frame_000026.jpg,18,0.056412652134895325,0.15722215699138625,0.15606258809566498,0.03841886669397354,0.2728473610815248,4935.9719636033615
29,frame_000027.jpg,18,0.05309825390577316,0.1965214336097724,0.19516535103321075,0.0087241530418396,0.7297824666226359,4580.468523604117
30,frame_000028.jpg,18,0.05457538366317749,0.18797898312022618,0.18756528198719025,0.020666372030973434,0.43998723192771083,4992.333118533872
31,frame_000029.jpg,18,0.052962906658649445,0.19671185018603787,0.19556812942028046,0.019233515486121178,0.4945764848583309,4740.379760466855
32,frame_000030.jpg,18,0.05117429792881012,0.22979268272073702,0.22816841304302216,0.011955756694078445,0.6712191947667366,4556.389857045603
33,frame_000031.jpg,18,0.05854113772511482,0.1706612800057955,0.1699843853712082,0.029691938310861588,0.4520693367143704,4192.608785113221
34,frame_000032.jpg,18,0.053838349878787994,0.21776751209025333,0.21628440916538239,0.04099343717098236,0.22762582726931213,3695.350440635813
35,frame_000033.jpg,18,0.06045094132423401,0.16526080356271794,0.16408467292785645,0.028701622039079666,0.2958899691232735,3500.3856206158507
36,frame_000034.jpg,18,0.05848027765750885,0.18807050017472463,0.1872604638338089,0.010276079177856445,0.6915090655089062,3412.2652710128386
37,frame_000035.jpg,18,0.05816927179694176,0.18757532962880716,0.18679629266262054,0.020397495478391647,0.42129997543053993,3343.819625168995
38,frame_000036.jpg,18,0.05189055949449539,0.232211934064529,0.2301573008298874,0.03862162306904793,0.19020959010774524,4168.655441447835
39,frame_000037.jpg,18,0.05464798957109451,0.21721604603304126,0.21521033346652985,0.016842160373926163,0.6146617569273135,3834.2650520399307
40,frame_000038.jpg,18,0.07618691027164459,0.17759158487926555,0.17213506996631622,0.09222188591957092,0.14464345668084583,1014.8151548132859
41,frame_000039.jpg,18,0.07564332336187363,0.1751418540897029,0.16946536302566528,0.00019118812633678317,0.9759081379370611,1172.1483122861398
42,frame_000040.jpg,18,0.07822021842002869,0.1606205339337381,0.1560768038034439,0.003486486617475748,0.7977964532480529,870.9476668714752
43,frame_000041.jpg,18,0.07737290859222412,0.1624629701785427,0.15796642005443573,0.0018160453764721751,0.8577822007437782,1059.053425049848
44,frame_000042.jpg,18,0.07425223290920258,0.176055209909007,0.17149847745895386,0.0017178028356283903,0.9028981332487587,889.2900107563406
45,frame_000043.jpg,18,0.08075316995382309,0.14607638680730772,0.14204353094100952,0.004616247955709696,0.7578744716843298,1092.247727022179
46,frame_000044.jpg,18,0.08335882425308228,0.15264696478461295,0.14934808015823364,0.006626578979194164,0.6302524798577549,865.0718656466604
47,frame_000045.jpg,18,0.08678223192691803,0.14878969846901824,0.1462901085615158,0.003219994716346264,0.8265823630615926,808.0536860116302
48,frame_000046.jpg,18,0.07797300815582275,0.16581763438438965,0.1620171219110489,0.009885692037642002,0.6254134603103221,858.220686998345
49,frame_000047.jpg,18,0.07660140097141266,0.17138214319867107,0.16700081527233124,0.0019166686106473207,0.8596056055868427,1120.0628525970847
50,frame_000048.jpg,18,0.07245118916034698,0.19222736364714996,0.18810458481311798,0.010023914277553558,0.6803314706969237,979.9961788757519
51,frame_000049.jpg,18,0.07259662449359894,0.18272508396662043,0.17802642285823822,0.004203741438686848,0.7647771705102069,955.7431157479751
52,frame_000050.jpg,18,0.0780654102563858,0.17767002056588435,0.1733943670988083,0.007820145227015018,0.6087416817032913,915.0966810966812
53,frame_000051.jpg,18,0.08612840622663498,0.1461644076563737,0.14323319494724274,0.005145293660461903,0.705062314541623,1133.212111683229
54,frame_000052.jpg,18,0.0854925811290741,0.14354744500531208,0.14048315584659576,0.005418380722403526,0.8127373723845974,943.9196620521057
55,frame_000053.jpg,18,0.07888010889291763,0.16415121353536688,0.15936380624771118,0.007735897786915302,0.5788185719529092,962.2646669203762
56,frame_000054.jpg,18,0.07747644186019897,0.17040562474117166,0.16610589623451233,0.003931431099772453,0.7808842823253669,964.656431450422
57,frame_000055.jpg,18,0.07577924430370331,0.17526325723518152,0.17025524377822876,0.00835119653493166,0.5885733101334042,1219.34071424417
58,frame_000056.jpg,18,0.07618147134780884,0.17840003215486192,0.17372818291187286,0.0010035315062850714,0.9145887865568082,991.7770112255849
59,frame_000057.jpg,18,0.07753276079893112,0.17752041476514122,0.1724652498960495,0.0016727031907066703,0.8952307785801269,1078.549352791744
60,frame_000058.jpg,18,0.07641301304101944,0.17883844391491685,0.17404107749462128,0.0034097135066986084,0.8273600975534703,1101.9925464778855
61,frame_000059.jpg,18,0.07687804102897644,0.17504539028491112,0.16932278871536255,0.005617049057036638,0.6317754161712363,1217.4580389565233
62,frame_000060.jpg,18,0.0818055272102356,0.16543100362257787,0.16099075973033905,0.01859266683459282,0.34244088075117396,1127.5226890988815
63,frame_000061.jpg,18,0.07949525117874146,0.17568978512179403,0.1714491993188858,0.0021250538993626833,0.8642863003755915,1181.4539585730922
64,frame_000062.jpg,18,0.08115334808826447,0.1637821075988321,0.1593903750181198,0.0040772114880383015,0.828862356072242,1306.3068723743997
65,frame_000063.jpg,18,0.08051635324954987,0.17285225034881874,0.16825616359710693,0.004135305993258953,0.8274003520108625,1336.2419889466496
66,frame_000064.jpg,18,0.0763632133603096,0.1762143385633379,0.172202467918396,0.00831326749175787,0.6115972670556855,1237.4305580463595
67,frame_000065.jpg,18,0.07607811689376831,0.17981098074294155,0.1753409504890442,0.004145960323512554,0.8511267901113554,1212.8874193814306
68,frame_000066.jpg,18,0.0774516835808754,0.1833504437948005,0.17842823266983032,0.0037628035061061382,0.7663917559018911,998.8166249334103
69,frame_000067.jpg,18,0.07781364768743515,0.18281212490690182,0.17893750965595245,0.001224424340762198,0.9070654542041011,1244.331778454573
70,frame_000068.jpg,18,0.08055268228054047,0.1710994354844317,0.16681008040905,0.006963228341192007,0.5954842099441892,1020.4374965706447
71,frame_000069.jpg,18,0.08195524662733078,0.17102034679930625,0.16693991422653198,0.002476360648870468,0.852807837976992,1019.764906671856
72,frame_000070.jpg,18,0.08083595335483551,0.1807603319854016,0.17656636238098145,0.003024457022547722,0.841190654965047,1060.590246105751
73,frame_000071.jpg,18,0.08917376399040222,0.14423799345340227,0.14251911640167236,0.00685016717761755,0.6128507002405615,1395.890054877353
74,frame_000072.jpg,18,0.08874024450778961,0.14886576083988642,0.1458946019411087,0.010135941207408905,0.5759331374189482,1141.269673210008
75,frame_000073.jpg,18,0.09009663760662079,0.137125646944612,0.134978786110878,0.007708982098847628,0.5548665097558788,1212.2008316530737
76,frame_000074.jpg,18,0.08398135006427765,0.16505065707036798,0.16111868619918823,0.005910106934607029,0.6843326958138987,959.9135966764965
77,frame_000075.jpg,18,0.09001846611499786,0.1429275960116931,0.13924908638000488,0.011144774965941906,0.5979486340645167,1420.8925444144147
78,frame_000076.jpg,18,0.09546621143817902,0.1302430560631176,0.12776608765125275,0.0035833860747516155,0.8279841004999423,1079.824589978704
79,frame_000077.jpg,18,0.09237612783908844,0.13632404739047366,0.13351821899414062,0.0024549062363803387,0.8527021542205924,1140.2948578232779
80,frame_000078.jpg,18,0.08925440162420273,0.15028983954960703,0.14597497880458832,0.002341699553653598,0.8502541825001025,1249.3389587964639
81,frame_000079.jpg,18,0.0869881808757782,0.15407805095082397,0.14934644103050232,0.003994022496044636,0.7458245592842,1494.0463359627406
82,frame_000080.jpg,18,0.09014928340911865,0.15168700651225217,0.14762230217456818,0.004154006950557232,0.7409059267009371,1194.6072683612078
83,frame_000081.jpg,18,0.08886319398880005,0.15266756204339857,0.14837084710597992,0.0020615491084754467,0.8457932289363816,1168.1623006244088
84,frame_000082.jpg,18,0.08897905051708221,0.14673274106490444,0.14213259518146515,0.0023700138553977013,0.8311477055618335,1204.5468911377586
85,frame_000083.jpg,18,0.08667068928480148,0.14765666064347396,0.1430516093969345,0.0020086399745196104,0.8530307130426871,1196.2220944483838
86,frame_000084.jpg,18,0.08349601924419403,0.15560371641151532,0.15127581357955933,0.008243441581726074,0.5583811647028999,1143.4329373739233
87,frame_000085.jpg,18,0.08275850117206573,0.15602070673791613,0.15203998982906342,0.0019150293665006757,0.8848012088324347,1026.4460659595102
88,frame_000086.jpg,18,0.08476798236370087,0.15511497732267387,0.1513722836971283,0.002463426673784852,0.8472090399175435,1183.9853930720355
89,frame_000087.jpg,18,0.085137277841568,0.14645761327204748,0.14334659278392792,0.005373515188694,0.7091028601213881,1084.099802615687
90,frame_000088.jpg,18,0.0827295333147049,0.1604708631824115,0.1559993326663971,0.004293943289667368,0.7854184585593965,1138.409816508278
91,frame_000089.jpg,18,0.26076874136924744,0.0630402121241975,0.05909644439816475,0.2690469026565552,0.12926011268614113,293.2720952624182
92,frame_000090.jpg,18,0.25943803787231445,0.07070729267449202,0.0662430003285408,0.00208659446798265,0.8250570972924327,218.58523259318991
93,frame_000091.jpg,18,0.2600635290145874,0.06583244460210756,0.06087791547179222,0.0032438915222883224,0.7578353886162241,218.6530343477905
94,frame_000092.jpg,18,0.2618008255958557,0.0681243368099822,0.06322520971298218,0.0021725583355873823,0.8055103357521909,261.1692808235909
95,frame_000093.jpg,18,0.25909024477005005,0.06456330719213837,0.05997021496295929,0.002570420503616333,0.7912871184393833,258.983545452633
96,frame_000094.jpg,18,0.2593856751918793,0.0661341896938516,0.06151379272341728,0.00040438410360366106,0.9515434715904173,287.9088594739891
97,frame_000095.jpg,18,0.2596597671508789,0.06336571790681854,0.05925491824746132,0.0013340427540242672,0.86568504972062,289.63154649763766
98,frame_000096.jpg,18,0.2566738724708557,0.06584579771469903,0.06155869737267494,0.0013378001749515533,0.8717370732042015,279.10601283480526
99,frame_000097.jpg,18,0.2572717070579529,0.06685207620920146,0.06218882277607918,0.0014525782316923141,0.8537374791110042,269.84406242624823
100,frame_000098.jpg,18,0.25830376148223877,0.05984645770036506,0.056265849620103836,0.0014001710806041956,0.8701209107513862,265.1916819565381
101,frame_000099.jpg,18,0.2589905560016632,0.06375084488904169,0.05999397858977318,0.0008567492477595806,0.916671855378102,309.99911431801377
102,frame_000100.jpg,18,0.256419837474823,0.06894700017553533,0.06423567980527878,0.001051967847160995,0.8973114444062946,311.7708574822486
103,frame_000101.jpg,18,0.2549669146537781,0.07279417375272404,0.06836839765310287,0.0023620212450623512,0.7983317501302288,284.04717167038154
104,frame_000102.jpg,18,0.2546902298927307,0.06907946615197012,0.0641794502735138,0.000944577855989337,0.9011826900285955,274.82985021395666
105,frame_000103.jpg,18,0.25688421726226807,0.06762309028814972,0.06262100487947464,0.0005687440279871225,0.9373473731010664,305.7695894145991
106,frame_000104.jpg,18,0.2582843601703644,0.06433775344757875,0.06064824387431145,0.004682398866862059,0.6827252991633979,297.8617526124111
107,frame_000105.jpg,18,0.25465503334999084,0.07347269096932703,0.0683564841747284,0.004169650841504335,0.7484880320619836,306.13884525191816
108,frame_000106.jpg,18,0.2560785412788391,0.07739314181874543,0.07349037379026413,0.008918771520256996,0.4999134772492918,259.22138959245274
109,frame_000107.jpg,18,0.2563171982765198,0.06692744727284232,0.06210225820541382,0.01234554871916771,0.3651488894037499,313.18167932852646
110,frame_000108.jpg,18,0.25634464621543884,0.07189012286203836,0.0670202299952507,0.0010792204411700368,0.8941097284262297,332.84500881388004
111,frame_000109.jpg,18,0.2555280327796936,0.07029542453592748,0.06573247164487839,0.00035091483732685447,0.962193131958852,306.23500468681704
112,frame_000110.jpg,18,0.2572101652622223,0.06787476941801648,0.06385680288076401,0.002814084757119417,0.7720934713533006,287.3703881641615
113,frame_000111.jpg,18,0.2585548758506775,0.06548486228261946,0.06129792332649231,0.0002848396834451705,0.9687983605890977,306.6818447414425
114,frame_000112.jpg,18,0.26020917296409607,0.055532856644891895,0.05187224969267845,0.0018807502929121256,0.8269041032026336,277.61506808265244
115,frame_000113.jpg,18,0.25682586431503296,0.06174751924400767,0.05727916583418846,0.005068100057542324,0.6762545632390723,262.52652164657223
116,frame_000114.jpg,18,0.257874995470047,0.06047162558791492,0.05624618008732796,0.0010771271772682667,0.888566991519244,223.1134131484982
117,frame_000115.jpg,18,0.2614794373512268,0.05469188794465578,0.050473954528570175,0.002222711918875575,0.8040291154774466,260.31645947405764
118,frame_000116.jpg,18,0.26352983713150024,0.0660255638699175,0.06195425987243652,0.001633368548937142,0.8655751025393743,256.8088813389559
119,frame_000117.jpg,18,0.27019941806793213,0.048144114288472935,0.04430237412452698,0.004085245542228222,0.7423139667982237,229.47022338347105
120,frame_000118.jpg,18,0.2709965705871582,0.044029415949042576,0.03984157368540764,0.002465677447617054,0.7661691419398532,229.56973041528613
121,frame_000119.jpg,18,0.27020263671875,0.0514471335181291,0.04670972749590874,0.001560782897286117,0.8388224900735196,146.88816797427256
122,frame_000120.jpg,18,0.2780481278896332,0.06438233927385331,0.0614079125225544,0.006177016533911228,0.6097184311437955,168.87035735140387
123,frame_000121.jpg,18,0.27554094791412354,0.07882382817456063,0.07585924863815308,0.004499244038015604,0.6262214696395385,160.8998562262992
124,frame_000122.jpg,18,0.26427775621414185,0.06811952948707467,0.0646633580327034,0.007556380704045296,0.49699164628080666,69.02265099826388
125,frame_000123.jpg,18,0.2679608166217804,0.07495066644336183,0.07164443284273148,0.002967619802802801,0.6747256323018854,64.22339014859708
126,frame_000124.jpg,18,0.2776741683483124,0.08844661415481514,0.08445117622613907,0.0025913177523761988,0.7214695896788488,49.665509588732256
127,frame_000125.jpg,18,0.2937275767326355,0.11504718931892746,0.10903497785329819,0.008172049187123775,0.4071870591944655,54.168740192306124
128,frame_000126.jpg,18,0.09226042032241821,0.10289948355115379,0.09945326298475266,0.14905479550361633,0.10923013853399141,2779.033120953316
129,frame_000127.jpg,18,0.09227447956800461,0.0935756925816522,0.0911882147192955,0.010991285555064678,0.6200200374293511,2283.2503446834544
130,frame_000128.jpg,18,0.08779754489660263,0.1430971630336017,0.13987505435943604,0.027711521834135056,0.3999200542204875,2348.456563225711
131,frame_000129.jpg,18,0.08873745799064636,0.12991302273726107,0.12724505364894867,0.005908336956053972,0.7719362467042071,2349.2894739907433
132,frame_000130.jpg,18,0.08816657960414886,0.13485576574043556,0.13167338073253632,0.01750238984823227,0.5688461537768021,2250.0565942173166
133,frame_000131.jpg,18,0.08955530822277069,0.12563932644594925,0.12449371814727783,0.021211756393313408,0.4595616382533535,2195.1208325128646
134,frame_000132.jpg,18,0.08985535800457001,0.12136322454130473,0.11942476779222488,0.004761899821460247,0.8266182118228591,2073.8808076558616
135,frame_000133.jpg,18,0.0930669754743576,0.13186178541678562,0.12886881828308105,0.03791084140539169,0.2533325173766804,2457.3240151275218
136,frame_000134.jpg,18,0.09102796018123627,0.13914332004192442,0.13815437257289886,0.04018577188253403,0.3064178342586208,2239.1289583468056
137,frame_000135.jpg,18,0.09443448483943939,0.12784692699468403,0.12470642477273941,0.02613324671983719,0.44383337797054156,2626.82836516957
138,frame_000136.jpg,18,0.09175628423690796,0.13894245411865427,0.13666142523288727,0.027123790234327316,0.40650916806485354,2256.4450923333334
139,frame_000137.jpg,18,0.09578396379947662,0.11104771375361983,0.10759279876947403,0.02403447963297367,0.566189953298133,2237.204796446694
140,frame_000138.jpg,18,0.09150909632444382,0.13540411255539853,0.13366194069385529,0.010481562465429306,0.6819197247978498,2048.5100499304367
141,frame_000139.jpg,18,0.09255483001470566,0.16566628953953305,0.16270001232624054,0.028105037286877632,0.3995794878331621,2256.3285708353314
142,frame_000140.jpg,18,0.09092071652412415,0.1270112646932959,0.12573908269405365,0.021813593804836273,0.3920023821409149,2160.2799799143386
143,frame_000141.jpg,18,0.09210159629583359,0.10459253392564129,0.10208936780691147,0.01842724159359932,0.510891295819533,2098.7218032711744
144,frame_000142.jpg,18,0.08245456218719482,0.13643490901607094,0.13498574495315552,0.022102996706962585,0.4161095095642663,1804.199181003386
145,frame_000143.jpg,18,0.08551806211471558,0.1263117852743571,0.12203999608755112,0.0196085087954998,0.47189959986802343,2155.8658418161895
146,frame_000144.jpg,18,0.08019369095563889,0.13247010630513772,0.128901407122612,0.013003328815102577,0.5872017504546162,1749.2465046490906
147,frame_000145.jpg,18,0.07917764782905579,0.14171674269508688,0.13826705515384674,0.010575191117823124,0.6387188163882559,1633.7496496696067
148,frame_000146.jpg,18,0.07745924592018127,0.13881221900082982,0.13550855219364166,0.00963122770190239,0.7036456048967189,1546.0335910315816
149,frame_000147.jpg,18,0.08049344271421432,0.11490923933631035,0.11102059483528137,0.00804730225354433,0.6683174357568169,1709.6131448143744
150,frame_000148.jpg,18,0.08048196136951447,0.1355304729271434,0.13139648735523224,0.026156606152653694,0.4142278474961249,1368.8567651777555
151,frame_000149.jpg,18,0.07905805110931396,0.146224252797982,0.1429349184036255,0.044788770377635956,0.2048445592017474,1192.4414934363617
152,frame_000150.jpg,18,0.06255833059549332,0.1731110798082947,0.1706255078315735,0.04044617712497711,0.21503660208656686,813.9099309495766
153,frame_000153.jpg,18,0.09226667881011963,0.19331572564373478,0.18740242719650269,0.08177168667316437,0.269479850105244,149.64165863408243
154,frame_000154.jpg,18,0.1021932065486908,0.1904412430116532,0.185934379696846,0.005087714176625013,0.6950817867567733,146.64180661143894
155,frame_000155.jpg,18,0.13508915901184082,0.15391877827719574,0.15088964998722076,0.10822813212871552,0.34644769411386905,125.64860647597118
156,frame_0001552.jpg,18,0.11991401761770248,0.12549315515269124,0.12074700742959976,0.06451580673456192,0.2822819811520676,222.1280597612165
157,frame_000156.jpg,18,0.14616121351718903,0.09545657299609367,0.09269014000892639,0.07269138097763062,0.18118912348518165,972.7952082140775
158,frame_0001562.jpg,18,0.12111277878284454,0.14382487140050904,0.13799500465393066,0.06416841596364975,0.19432147466623984,522.613185055144
159,frame_000157.jpg,18,0.1437819004058838,0.07075352460030113,0.06764543056488037,0.06582939624786377,0.1885282388221278,1197.2408592565885
160,frame_000158.jpg,18,0.14618715643882751,0.09644809318461636,0.09318187087774277,0.009222898632287979,0.5832061335864079,1037.2636245099175
161,frame_000159.jpg,18,0.14523738622665405,0.07304685722109022,0.07032070308923721,0.006635278929024935,0.6869559244618689,1026.6669545638656
162,frame_000160.jpg,18,0.14665183424949646,0.09312337788369666,0.09144789725542068,0.006889408454298973,0.668729966906657,1106.6159973793438
163,frame_000161.jpg,18,0.1444281041622162,0.09595596196132766,0.09250935167074203,0.01318349875509739,0.520040014928037,951.5036383175275
164,frame_000162.jpg,18,0.14604052901268005,0.0861732213328899,0.08364856243133545,0.01695738174021244,0.39791803487298844,925.0131567103183
165,frame_000163.jpg,18,0.14397379755973816,0.08366758062543406,0.08222521841526031,0.014419222250580788,0.5099273209633651,938.4547991013193
166,frame_0001632.jpg,18,0.08897514641284943,0.16297141799458237,0.15686438977718353,0.05015770345926285,0.1976656866075742,430.16226076377603
167,frame_000164.jpg,18,0.1224285215139389,0.08393131596887415,0.08079908788204193,0.04207753390073776,0.22090820018088847,823.0471747978207
168,frame_000165.jpg,18,0.11051005125045776,0.10114160655116924,0.0989411398768425,0.006604516413062811,0.7707994487384582,599.4339024566717
169,frame_000166.jpg,18,0.11113432049751282,0.11617676029022075,0.11369866132736206,0.010738799348473549,0.5655168610807197,565.3598989557237
170,frame_000167.jpg,18,0.10414230823516846,0.10381030924952558,0.10175102949142456,0.009002838283777237,0.7094351406174609,454.60741349897654
171,frame_000168.jpg,18,0.09985270351171494,0.13637415584623877,0.13506269454956055,0.02602340281009674,0.4466269027941771,486.2284444382199
172,frame_000169.jpg,18,0.09624496102333069,0.13578540127829516,0.13339310884475708,0.021649418398737907,0.4036432543424397,396.1570212475773
173,frame_000175.jpg,18,0.09668567031621933,0.09750945410590107,0.0958644226193428,0.059283941984176636,0.34178201744990494,473.73614078036815
174,frame_000181.jpg,18,0.1649433970451355,0.09351627569990338,0.09207699447870255,0.09344133734703064,0.2235699284616422,662.5647010591939
175,frame_000182.jpg,18,0.16405095160007477,0.05278387291995275,0.05342179536819458,0.07679346203804016,0.18016707676262614,908.644314581202
176,frame_000183.jpg,18,0.17226316034793854,0.036445453278325685,0.03805990517139435,0.009583966806530952,0.6829870823591763,821.4483458859324
177,frame_000184.jpg,18,0.15370841324329376,0.09438143257639937,0.0928446352481842,0.077081099152565,0.2184038980870105,1083.6548764475187
178,frame_000190.jpg,18,0.1470997929573059,0.16435082934088197,0.15993325412273407,0.13878360390663147,0.11421822614161467,1987.496330977311
179,frame_000191.jpg,18,0.15356528759002686,0.14636492463007553,0.1440097540616989,0.010037126950919628,0.6159096642818936,1728.7709157592435
180,frame_000192.jpg,18,0.14010228216648102,0.15068350617546977,0.14944177865982056,0.01629701629281044,0.5544600077306144,1784.7804207608972
181,frame_000193.jpg,18,0.12896791100502014,0.15181109174678742,0.14834725856781006,0.013706395402550697,0.6034739784331874,1473.258623983808
182,frame_000194.jpg,18,0.1331353634595871,0.1776721002042506,0.17539912462234497,0.017653323709964752,0.5856363765530753,1723.9371299743652
183,frame_000195.jpg,18,0.13937611877918243,0.14614366402747367,0.14785639941692352,0.015158935450017452,0.513038530393918,1517.1440033606384
184,frame_000196.jpg,18,0.13282456994056702,0.1417515383420389,0.13942976295948029,0.00941394828259945,0.6426558267684233,2224.8772309251635
185,frame_000197.jpg,18,0.12067070603370667,0.1735202127475794,0.16961632668972015,0.01672608032822609,0.6138174468186574,2092.77488753756
186,frame_000198.jpg,18,0.13488221168518066,0.17019849839273785,0.16985441744327545,0.019122160971164703,0.5407172285133084,2485.361561568264
187,frame_000199.jpg,18,0.1350323110818863,0.14525892516666544,0.1449301838874817,0.013932658359408379,0.6176104603453832,2499.4550403517737
188,frame_000200.jpg,18,0.11985357105731964,0.14825034715260174,0.145899698138237,0.03450985997915268,0.44388426349351423,2974.983593320817
189,frame_000201.jpg,18,0.13206081092357635,0.134210284818734,0.13394795358181,0.03558434918522835,0.3611183389336907,2888.9576767676763
190,frame_000202.jpg,18,0.13080964982509613,0.13406373650532596,0.13303466141223907,0.01161406934261322,0.6774475776234887,3241.157399691358
191,frame_000203.jpg,18,0.11442357301712036,0.16877303518234965,0.16706620156764984,0.01946166716516018,0.6015233008769211,2906.97948831573
192,frame_000204.jpg,18,0.11908875405788422,0.15083462763787195,0.15110884606838226,0.02009751833975315,0.49454273369826557,1094.779554196629
193,frame_000205.jpg,18,0.1087058037519455,0.175713139379184,0.17439846694469452,0.010320411995053291,0.6487519269217127,541.7769113392959
194,frame_000206.jpg,18,0.10474090278148651,0.16610316056305893,0.16436107456684113,0.019467085599899292,0.5233466042201662,2702.09724147571
195,frame_000207.jpg,18,0.10199835151433945,0.15054938419345884,0.15006564557552338,0.025680800899863243,0.40946065080504324,1546.377416471739
196,frame_000208.jpg,18,0.10354695469141006,0.16008820957990025,0.15788470208644867,0.0110592907294631,0.6107101423469986,1132.38259150776
197,frame_000209.jpg,18,0.10131102800369263,0.15618710895997148,0.15537050366401672,0.009247452951967716,0.5926289454423618,907.3566792241947
198,frame_000210.jpg,18,0.08392170071601868,0.17021121115874335,0.16861432790756226,0.017571955919265747,0.4647199119358641,1246.680896076059
199,frame_000211.jpg,18,0.09616437554359436,0.15473183325921683,0.15229260921478271,0.031288061290979385,0.31422180427999863,1422.6200134404676
200,frame_000226.jpg,18,0.14548882842063904,0.10363860408077136,0.10069497674703598,0.11993895471096039,0.21832585371126237,351.2934499663443
201,frame_000227.jpg,18,0.1335318386554718,0.13668892670113855,0.13072337210178375,0.028953909873962402,0.36707376516103757,213.51704038684858
202,frame_000228.jpg,18,0.12389879673719406,0.14210278391690415,0.13522109389305115,0.004430515691637993,0.8047765663268271,207.94415984933664
203,frame_000229.jpg,18,0.113273486495018,0.12502380252057024,0.11902585625648499,0.015136860311031342,0.5631384102803006,691.509285326941
204,frame_000230.jpg,18,0.10180012136697769,0.1465023722408737,0.1400481015443802,0.007353696972131729,0.7382441447436763,890.112579602957
205,frame_000306.jpg,18,0.13402065634727478,0.14491512644457238,0.13443376123905182,0.12929722666740417,0.2629022642397673,237.6018821025928
206,frame_000307.jpg,18,0.13159310817718506,0.15126425514430308,0.14185430109500885,0.005966496653854847,0.7103915761707467,245.61652157354453
207,frame_000308.jpg,18,0.12949520349502563,0.13627956372987543,0.12860174477100372,0.006887257099151611,0.6552070856393628,245.35001750132776
208,frame_000309.jpg,18,0.13098818063735962,0.16272288543503022,0.15146797895431519,0.01182672567665577,0.6004669558185286,229.54846130371092
209,frame_000310.jpg,18,0.1320071667432785,0.15285081336828918,0.14422310888767242,0.011829473078250885,0.5991180976622117,255.94713508357827
210,frame_000311.jpg,18,0.13145844638347626,0.11234214813093128,0.10482460260391235,0.019419420510530472,0.4094958796584993,210.10204451981545
211,frame_000312.jpg,18,0.12423427402973175,0.1476287493042397,0.13847540318965912,0.007394319865852594,0.6435171973450134,232.81999285095173
212,frame_000313.jpg,18,0.1274919956922531,0.14638580500484796,0.1371486485004425,0.0036258448380976915,0.7517058419952929,214.97988442969861
213,frame_000314.jpg,18,0.1268654614686966,0.13801913720079895,0.12733425199985504,0.001120078843086958,0.9138617240793967,208.9063584312826
214,frame_000315.jpg,18,0.12831208109855652,0.13277647104595466,0.12100651115179062,0.003920846618711948,0.7948684369880403,200.2495992065945
215,frame_000316.jpg,18,0.12578541040420532,0.13383199545877023,0.12544004619121552,0.011183850467205048,0.6172835237542945,248.89636487745864
216,frame_000318.jpg,18,0.14217045903205872,0.12517103931454138,0.11523488909006119,0.013752326369285583,0.6348933981399858,320.720486109937
217,frame_000319.jpg,18,0.13559232652187347,0.13483393807122648,0.12308645993471146,0.013322994112968445,0.6429387607256272,310.93572673093627
218,frame_000320.jpg,18,0.14463230967521667,0.15389066756803316,0.14679129421710968,0.04870538040995598,0.42754893789827747,389.0057646445866
219,frame_000321.jpg,18,0.13285307586193085,0.11830611296197485,0.10963017493486404,0.05817323178052902,0.37578283038934757,405.064464067886
220,frame_000322.jpg,18,0.13239416480064392,0.12143335209483248,0.11228198558092117,0.006188064813613892,0.7896624681392885,355.7498691742492
221,frame_000323.jpg,18,0.12964516878128052,0.1377771710489638,0.12630020081996918,0.008068965747952461,0.7378691245156065,335.1395878635467
222,frame_000324.jpg,18,0.14475297927856445,0.15860048585108777,0.14926715195178986,0.03968586027622223,0.39191585575932886,360.35821288540996
223,frame_000325.jpg,18,0.1310579776763916,0.11409536807933006,0.10345697402954102,0.041498661041259766,0.36751265031925656,347.30324109249204
224,frame_000326.jpg,18,0.13215254247188568,0.11282924843853792,0.1018776074051857,0.0014196546981111169,0.8920246000213884,337.778736740596
225,frame_000328.jpg,18,0.13365225493907928,0.1386920625611853,0.13011176884174347,0.010484604164958,0.5663947359997663,303.2520064150371
226,frame_000329.jpg,18,0.12914083898067474,0.14287448398001298,0.13203050196170807,0.009026591666042805,0.6504719522251675,270.47786042089655
227,frame_000330.jpg,18,0.13571622967720032,0.1286375647426667,0.12148672342300415,0.014433321543037891,0.49906525732065193,328.7903324246892
228,frame_000331.jpg,18,0.13548801839351654,0.13073769834487164,0.1206759586930275,0.008331782184541225,0.6932292955790552,346.9475479027684
229,frame_000332.jpg,18,0.13395799696445465,0.1283166653337649,0.11932886391878128,0.011974694207310677,0.5182756060432047,294.57492677181375
230,frame_000333.jpg,18,0.13166847825050354,0.15753469583363072,0.14865213632583618,0.004512540064752102,0.7339827110235685,316.7593046729926
231,frame_000334.jpg,18,0.12800054252147675,0.19586509408697192,0.18717330694198608,0.005643323063850403,0.6929212300149399,293.78955580257104
232,frame_000335.jpg,18,0.1307278573513031,0.1529174314571737,0.14268553256988525,0.009126690216362476,0.6284162280114908,346.9343158557111
233,frame_000336.jpg,18,0.12978386878967285,0.159016791448507,0.1482081264257431,0.002093343995511532,0.9011430358974966,308.97661740839965
234,frame_000337.jpg,18,0.13008616864681244,0.166127050886411,0.15802140533924103,0.03353913128376007,0.4048638984975248,385.74722908456465
235,frame_000338.jpg,18,0.1370181441307068,0.12599393664063008,0.12177148461341858,0.029626164585351944,0.3904707664396682,337.15264063831677
236,frame_000339.jpg,18,0.13402165472507477,0.13674606688045152,0.129192516207695,0.018518229946494102,0.4897004831361401,315.28682156858963
237,frame_000340.jpg,18,0.1373327076435089,0.13576791362388455,0.12910902500152588,0.012915654107928276,0.5181691480721338,290.6396877048783
238,frame_000341.jpg,18,0.1331445574760437,0.13433832576679525,0.12818998098373413,0.004658596124500036,0.7466199334110363,321.6365796091677
239,frame_000342.jpg,18,0.1272340565919876,0.1597928205682047,0.15161173045635223,0.014038607478141785,0.6357001054155806,252.70648792900252
240,frame_000343.jpg,18,0.12771819531917572,0.1560491771544448,0.1458878070116043,0.00342701468616724,0.8060707993633334,247.78045135640033
241,frame_000344.jpg,18,0.12627828121185303,0.16898438950872444,0.15874351561069489,0.004922268912196159,0.7099388159134742,236.17398220180783
242,frame_000345.jpg,18,0.12752419710159302,0.15728264941217782,0.15038679540157318,0.011380637064576149,0.6484993080369637,308.53591811241085
243,frame_000347.jpg,18,0.14108723402023315,0.15387925878100298,0.14693088829517365,0.009705017320811749,0.7669152305733931,378.4777046768959
244,frame_000348.jpg,18,0.14883974194526672,0.1301066664667672,0.12412925809621811,0.010620799846947193,0.707377461194779,316.75110671162787
245,frame_000349.jpg,18,0.16074779629707336,0.13274280025950258,0.13104431331157684,0.033932387828826904,0.4708501296597362,320.9148163549974
246,frame_000350.jpg,18,0.17159712314605713,0.13546837365482425,0.13162089884281158,0.07535256445407867,0.40732271929678054,237.81005012242898
247,frame_000351.jpg,18,0.129201278090477,0.16463973664859088,0.1559039205312729,0.04676409065723419,0.5685290471741948,261.1185806647754
248,frame_000352.jpg,18,0.13360875844955444,0.11666640435503156,0.11075839400291443,0.015063655562698841,0.5833370584445317,266.80214989296474
249,frame_000353.jpg,18,0.09926045686006546,0.1543411152478903,0.14528889954090118,0.13747352361679077,0.23440847057496217,801.219341686248
250,frame_000354.jpg,18,0.10013514012098312,0.1894092811766791,0.18228773772716522,0.009952741675078869,0.5639741857777826,849.131078752897
251,frame_000355.jpg,18,0.10987763106822968,0.16773802237204016,0.16140373051166534,0.016238611191511154,0.47562057561300675,1311.2548377866005
252,frame_000356.jpg,18,0.11202693730592728,0.08644286234813088,0.07996207475662231,0.014918151311576366,0.532650464185874,1388.2799749537226
253,frame_000357.jpg,18,0.10726422071456909,0.09406643667975913,0.08844113349914551,0.014797393232584,0.49470092996387655,1545.8512187260162
254,frame_000358.jpg,18,0.1096394956111908,0.1060235998008638,0.09665602445602417,0.015416543930768967,0.5058414167856803,1333.4228267145606
255,frame_000359.jpg,18,0.11132777482271194,0.13507924329503698,0.12749522924423218,0.009421717375516891,0.6499429937346305,1569.7739327973838
256,frame_000360.jpg,18,0.10932688415050507,0.09693789841590056,0.0891459584236145,0.01657906360924244,0.5225613229775966,1547.3664440686132
257,frame_000361.jpg,18,0.11202643066644669,0.15106151069742013,0.14625316858291626,0.020082663744688034,0.451932336390732,1351.675118046018
258,frame_000362.jpg,18,0.10798849165439606,0.11036069446529549,0.10407588630914688,0.011054028756916523,0.6231669587842499,1442.5527100383429
259,frame_000363.jpg,18,0.11041802167892456,0.14447189743094216,0.1378878951072693,0.010888265445828438,0.5854389824183843,1701.933768599027
260,frame_000364.jpg,18,0.1226022019982338,0.07044566542441799,0.0642709955573082,0.02480141445994377,0.3954879129925686,1667.079765110297
261,frame_000365.jpg,18,0.12048400938510895,0.11205608167139532,0.10352447628974915,0.010231226682662964,0.6260366553398986,1537.0626765630677
262,frame_000366.jpg,18,0.11827468872070312,0.13727056153351969,0.12978656589984894,0.007677181623876095,0.658052672040742,1546.8485126040707
263,frame_000367.jpg,18,0.12029533088207245,0.16901158978023606,0.16175541281700134,0.004803464747965336,0.7664969401031773,1628.1263510334607
264,frame_000368.jpg,18,0.1174589991569519,0.18069687077453003,0.17602597177028656,0.00425321701914072,0.7893216810559122,1439.8619313099205
265,frame_000369.jpg,18,0.12250269949436188,0.1705000861901712,0.16289009153842926,0.017759084701538086,0.4464147860839129,1392.9445557241718
266,frame_000370.jpg,18,0.12177121639251709,0.18976192424573196,0.18253199756145477,0.011979646980762482,0.592944432300196,1526.8659107769056
267,frame_000371.jpg,18,0.12261412292718887,0.14769919029249362,0.14148569107055664,0.008282806724309921,0.6357123567094999,1729.836573475146
268,frame_000372.jpg,18,0.12125788629055023,0.1042473195346645,0.09736167639493942,0.008899262174963951,0.6483379816647331,1460.567588473687
269,frame_000373.jpg,18,0.11969593912363052,0.0978872060409887,0.09179651737213135,0.003221717895939946,0.8266220985407077,1701.0133544170117
270,frame_000374.jpg,18,0.11958415061235428,0.09371474292919271,0.08671003580093384,0.0016149888979271054,0.896869417419222,1493.766283159938
271,frame_000375.jpg,18,0.12221973389387131,0.13455631098391385,0.1272338181734085,0.016355279833078384,0.48134024928775,1659.9754281033047
272,frame_000376.jpg,18,0.124087855219841,0.09836078753781961,0.09088784456253052,0.007303630467504263,0.6974457328285303,1542.5697108202198
273,frame_000377.jpg,18,0.12455445528030396,0.08097416650089916,0.0733555480837822,0.011840630322694778,0.6185718438781332,1510.383706159898
274,frame_000378.jpg,18,0.12289722263813019,0.10268576568004412,0.0951714888215065,0.002552584744989872,0.8582770558568834,1402.9368871928934
275,frame_000379.jpg,18,0.11737240105867386,0.179815222618753,0.1736832708120346,0.011374833062291145,0.5730349458024958,1626.6020627551998
276,frame_000380.jpg,18,0.11673401296138763,0.18924108720607352,0.18281538784503937,0.006454413756728172,0.7368601614610851,1608.4408003366718
277,frame_000381.jpg,18,0.11751605570316315,0.1907883857638764,0.18383795022964478,0.0018321704119443893,0.8997303797022139,1513.3523058932205
278,frame_000382.jpg,18,0.11551918089389801,0.20013671734032706,0.19394956529140472,0.0028930145781487226,0.8522611682523905,1354.6441407151867
279,frame_000383.jpg,18,0.13164401054382324,0.12935867521948669,0.12428856641054153,0.0391756035387516,0.24660044023543382,1664.4514115482923
280,frame_0003832.jpg,18,0.09900891780853271,0.11480670054120369,0.10978438705205917,0.05080941319465637,0.18529087492047905,1275.5275799802107
281,frame_000384.jpg,18,0.13070937991142273,0.13421567733294212,0.12648743391036987,0.05065229907631874,0.18305096681330196,1971.0455461062686
282,frame_0003842.jpg,18,0.0960552915930748,0.13083786579762455,0.12636534869670868,0.048567283898591995,0.20916856771797954,1556.4398629943387
283,frame_000385.jpg,18,0.13086535036563873,0.1280123320320286,0.12094076722860336,0.046991392970085144,0.2144700519634624,1765.3062737161852
284,frame_000386.jpg,18,0.12806539237499237,0.13461142655512429,0.12750735878944397,0.0024425210431218147,0.835099701308004,1580.3163213033379
285,frame_000387.jpg,18,0.11948077380657196,0.15384499427877285,0.14546452462673187,0.017888471484184265,0.38804991049594467,1500.6064604160244
286,frame_000388.jpg,18,0.11451296508312225,0.14556397087438977,0.1381424218416214,0.018058836460113525,0.3938891244519898,1294.8698478285382
287,frame_000389.jpg,18,0.10998179018497467,0.15173656143773415,0.14315132796764374,0.014330454170703888,0.5703229673853281,1485.8117336649498
288,frame_000390.jpg,18,0.11827223002910614,0.1478866983259147,0.14102087914943695,0.029039422050118446,0.3107189324530094,1459.052536638989
289,frame_000391.jpg,18,0.11919458210468292,0.1268392237937832,0.1220526322722435,0.00705965468659997,0.7082781045743318,1544.2732997741907
290,frame_000392.jpg,18,0.11800332367420197,0.11414141247721929,0.1084696352481842,0.004315847065299749,0.833781935376953,1470.0499943959458
291,frame_000393.jpg,18,0.11883454024791718,0.11424493935845564,0.10991700738668442,0.00329889846034348,0.8772832831955151,1620.1692827544039
292,frame_000394.jpg,18,0.10452529788017273,0.18656774530523007,0.178656205534935,0.03570679575204849,0.3702727811646022,1522.3734464110382
293,frame_000395.jpg,18,0.10693587362766266,0.1931261567919812,0.18719594180583954,0.005946372170001268,0.7719614084751988,1498.2118306082862
294,frame_000396.jpg,18,0.11191095411777496,0.11606323804846504,0.10790994763374329,0.0083917286247015,0.6978700291724313,1545.046451207934
295,frame_000397.jpg,18,0.11459416151046753,0.10885971878904474,0.10002709180116653,0.0013292927760630846,0.9374749735308597,1865.307870254219
296,frame_000398.jpg,18,0.11609241366386414,0.10664974933170851,0.09845314174890518,0.019758211448788643,0.6030002812061191,1617.1323877775844
297,frame_000399.jpg,18,0.1149754673242569,0.11175916189919322,0.10330140590667725,0.008215779438614845,0.7450250747495553,1705.9524241480715
298,frame_000400.jpg,18,0.11451937258243561,0.12004436384518506,0.11164424568414688,0.0018204298103228211,0.9242217585903699,1718.920695339237
299,frame_000401.jpg,18,0.11500447988510132,0.10545095263389136,0.09765031188726425,0.0035689002834260464,0.8415742060397866,1774.9034968534932
300,frame_000402.jpg,18,0.11333636939525604,0.10599284081098807,0.0979873463511467,0.0013320115394890308,0.938488182758943,1664.29471123974
301,frame_000403.jpg,18,0.1139218658208847,0.09411652926430875,0.08616084605455399,0.0034339511767029762,0.8513453686927754,1704.8490809489992
302,frame_000404.jpg,18,0.11356305330991745,0.09709091517442697,0.089162178337574,0.002621621824800968,0.9002349834297693,1592.2869557090862
303,frame_000405.jpg,18,0.11471553146839142,0.09751648256363711,0.09042537212371826,0.00694916071370244,0.7564820870316386,1749.3535463110134
304,frame_000406.jpg,18,0.11354728788137436,0.11300184524186571,0.10569832473993301,0.008108370006084442,0.7632944174888472,1789.513357572138
305,frame_000407.jpg,18,0.11322306096553802,0.12532156505649544,0.11879292130470276,0.006378509104251862,0.7704312786001263,1645.8272708183144
306,frame_000408.jpg,18,0.11449453979730606,0.12472592355000042,0.11796309798955917,0.004234964028000832,0.8457746075108403,1647.2950457730187
307,frame_000409.jpg,18,0.11606771498918533,0.1360666293031137,0.12969310581684113,0.007822277024388313,0.7499991171118755,1708.7955325109572
308,frame_000410.jpg,18,0.10629570484161377,0.16321851380175212,0.15573787689208984,0.02307926118373871,0.49069483127559965,1621.1169420862102
309,frame_000411.jpg,18,0.108009472489357,0.14204436951443122,0.13504602015018463,0.02470717951655388,0.36596443483246555,1867.5942213414912
310,frame_000412.jpg,18,0.10627467185258865,0.13568939131446975,0.1279134303331375,0.012426497414708138,0.549995070967824,1667.7892034203594
311,frame_000413.jpg,18,0.1188344657421112,0.19179903378147933,0.18373145163059235,0.013300045393407345,0.6591609580434771,1801.969602774835
312,frame_000414.jpg,18,0.11913371086120605,0.18773567347796075,0.18058548867702484,0.014636670239269733,0.5694774869550568,1745.5328722417719
313,frame_000415.jpg,18,0.12537677586078644,0.1827189336555064,0.17623668909072876,0.0013779336586594582,0.9354950268640008,1967.7519588993844
314,frame_000416.jpg,18,0.127592533826828,0.13690834892424403,0.13253715634346008,0.0162974800914526,0.4713384032791506,1914.4021962684856
315,frame_000417.jpg,18,0.13133090734481812,0.11140935741259696,0.10412903875112534,0.025718040764331818,0.3392263528940125,2004.612243177818
316,frame_000418.jpg,18,0.12901970744132996,0.09020003154745054,0.08314972370862961,0.011939887888729572,0.5949457617429582,1824.6943329484702
317,frame_000419.jpg,18,0.12908877432346344,0.1274558766898914,0.12060179561376572,0.004603284411132336,0.7871478427050618,1799.675952690284
318,frame_000420.jpg,18,0.1279052346944809,0.21072589856893353,0.2041863352060318,0.017755232751369476,0.4937660581218964,1579.4919288996055
319,frame_000421.jpg,18,0.04870254546403885,0.2246626985374279,0.2138606756925583,0.08665387332439423,0.2959121014657103,91.06193093858724
320,frame_000422.jpg,18,0.048993974924087524,0.22448409250085358,0.2143389731645584,0.0008111753268167377,0.9029586392873745,103.36993290878016
321,frame_000423.jpg,18,0.052084699273109436,0.2121579995540704,0.20125944912433624,0.002669673878699541,0.7947932822150653,86.2296756889427
322,frame_000424.jpg,18,0.05055421590805054,0.2188791582660491,0.20835529267787933,0.0007545165717601776,0.9341772064879446,109.34895018266495
323,frame_000425.jpg,18,0.048664309084415436,0.23492090220612202,0.22398261725902557,0.0011819006176665425,0.9019306024869648,78.27850946575829
324,frame_000426.jpg,18,0.05027901008725166,0.20050886145927205,0.19123156368732452,0.0025257414672523737,0.7743358867725044,91.32363969299067
325,frame_000427.jpg,18,0.05002933368086815,0.19672296069063638,0.18686898052692413,0.0003021027077920735,0.9649336874015996,80.66300825624754
326,frame_000428.jpg,18,0.04921527951955795,0.20026395284611548,0.19109785556793213,0.0005837781354784966,0.9395874786572378,84.80722911762176
327,frame_000429.jpg,18,0.049438200891017914,0.20955327748658564,0.19991759955883026,0.0007865125080570579,0.9211077414487229,87.83345265421337
328,frame_000430.jpg,18,0.04846710339188576,0.2299786146735888,0.22027988731861115,0.001067674020305276,0.8954704113679128,109.37339072699781
329,frame_000431.jpg,18,0.045981697738170624,0.25073877813001944,0.24144162237644196,0.004257456865161657,0.6878729663567864,83.14132608095072
330,frame_000432.jpg,18,0.048871856182813644,0.22879483356530655,0.21806542575359344,0.004869381431490183,0.6588677943558332,77.42053058453183
331,frame_000433.jpg,18,0.05147675424814224,0.20522631996280313,0.19507406651973724,0.005491458345204592,0.6154477277234897,96.94448179073564
332,frame_000434.jpg,18,0.047216080129146576,0.2242632216544229,0.21465130150318146,0.00614324351772666,0.5972079727748475,81.47750032489104
333,frame_000435.jpg,18,0.04809989780187607,0.21064878498095146,0.20157146453857422,0.00045876516378484666,0.9436148089141142,74.76330708468812
334,frame_000436.jpg,18,0.04958023130893707,0.21457751267762068,0.20510683953762054,0.001494912663474679,0.8868626883942844,101.92134182460958
335,frame_000437.jpg,18,0.05046520382165909,0.204985766364689,0.19466213881969452,0.0012800197582691908,0.8662556221816378,122.45087801301644
336,frame_000438.jpg,18,0.05048983544111252,0.18855849085512688,0.1783207207918167,0.0009285673731938004,0.9018175753757022,115.43171233804836
337,frame_000439.jpg,18,0.05129705369472504,0.1882910913020849,0.17760050296783447,0.0008382490486837924,0.8970939676226994,130.76014037696137
338,frame_000440.jpg,18,0.049896225333213806,0.21774928376492736,0.20856566727161407,0.0030121104791760445,0.7484684866777398,173.3140886886549
339,frame_000441.jpg,18,0.051621213555336,0.17243544481832715,0.16304147243499756,0.0036777330096811056,0.7265901100971186,141.33844924415618
340,frame_000442.jpg,18,0.04989634081721306,0.20970800935654213,0.20071929693222046,0.0024001593701541424,0.8221727951445226,124.38665706245625
341,frame_000443.jpg,18,0.049931518733501434,0.22057378264734764,0.21136383712291718,0.001629156176932156,0.8738977274378131,138.6584515426231
342,frame_000444.jpg,18,0.04351828992366791,0.24191468169736186,0.23311316967010498,0.007478876039385796,0.492173839035589,37.314676572991
343,frame_000445.jpg,18,0.046774931252002716,0.25586748969918366,0.24553126096725464,0.00483529269695282,0.6451118727971726,123.70804779574786
344,frame_000446.jpg,18,0.05111163482069969,0.20839044844228283,0.19881165027618408,0.005871935747563839,0.6218237555389343,202.27869762052174
345,frame_000447.jpg,18,0.05150720477104187,0.19322133058156968,0.18410086631774902,0.0020959426183253527,0.8263149164960869,205.13940239335042
346,frame_000448.jpg,18,0.05421781539916992,0.1830006348764313,0.17322921752929688,0.003553800517693162,0.7334833464723359,220.0545024337056
347,frame_000449.jpg,18,0.05387231707572937,0.21761853676708234,0.20852649211883545,0.004379223566502333,0.7059673158421573,213.44105289908902
348,frame_000450.jpg,18,0.051032982766628265,0.18863197149331828,0.17976045608520508,0.007374924141913652,0.5870506191566779,200.4183253451044
349,frame_000451.jpg,18,0.051254257559776306,0.17824209139495104,0.16845065355300903,0.0007514260360039771,0.9189186852530378,187.94018871460432
350,frame_000452.jpg,18,0.05243449658155441,0.18228508946512406,0.1720706969499588,0.0014321274356916547,0.865001160842107,165.77734647959437
351,frame_000453.jpg,18,0.05249003320932388,0.18674751327032907,0.1761891394853592,0.00041445661918260157,0.9557090488037125,176.8603784562913
352,frame_000454.jpg,18,0.05096573010087013,0.1979026452194633,0.18700498342514038,0.0008481792756356299,0.9156227097678624,166.35929573335557
353,frame_000455.jpg,18,0.050725728273391724,0.21299783857218246,0.20271523296833038,0.00047150684986263514,0.9527790764247784,144.94583130524234
354,frame_000456.jpg,18,0.049691617488861084,0.21073367375924731,0.19945843517780304,0.0031006888020783663,0.7719279658837348,198.90130027034536
355,frame_000457.jpg,18,0.049124155193567276,0.22279011167290189,0.21150575578212738,0.0006117994198575616,0.9381864148388144,197.88681724310092
356,frame_000458.jpg,18,0.049089495092630386,0.20550425599680447,0.195104718208313,0.0023633530363440514,0.8327360898971379,176.31956374988133
357,frame_000459.jpg,18,0.04878097027540207,0.22284838356224615,0.21260857582092285,0.0017523078713566065,0.8613575545571683,211.9914252443706
358,frame_000460.jpg,18,0.050016794353723526,0.19970405922255619,0.18998368084430695,0.0021247672848403454,0.8234573784790014,208.8663464574704
359,frame_000461.jpg,18,0.049257390201091766,0.20065574971338684,0.19172514975070953,0.0019111789297312498,0.834985194032929,228.07879505912413
360,frame_000462.jpg,18,0.05012868344783783,0.18534797187889604,0.17628347873687744,0.0016446940135210752,0.8363531177001697,199.83064359373057
361,frame_000463.jpg,18,0.05150262638926506,0.17604823756064314,0.16667455434799194,0.001898573013022542,0.8397789327839016,213.17148872772248
362,frame_000464.jpg,18,0.04963221028447151,0.18146380548922858,0.1722126454114914,0.008481417782604694,0.5191718063244374,161.43808684214804
363,frame_000465.jpg,18,0.04946445673704147,0.1819245489290502,0.17193643748760223,0.00034818059066310525,0.953714761657793,178.29171616137873
364,frame_000466.jpg,18,0.05014193803071976,0.18978315893828984,0.18075670301914215,0.007699653971940279,0.5296341364759357,191.26713491313038
365,frame_000467.jpg,18,0.05191595479846001,0.1684430958500384,0.1587015986442566,0.00245170877315104,0.8140237882539323,241.43045278365045
366,frame_000468.jpg,18,0.05000356584787369,0.20111421208824465,0.19089066982269287,0.0030579641461372375,0.7582307029642684,222.06632712379067
367,frame_000469.jpg,18,0.04942483827471733,0.20229026022114088,0.19199617207050323,0.0023126332089304924,0.7783255562936681,199.10843335056154
368,frame_000470.jpg,18,0.05074470490217209,0.19368614127988995,0.18350984156131744,0.001704673981294036,0.8509806741516537,216.33827437421633
369,frame_000471.jpg,18,0.050463490188121796,0.20407069891190815,0.19373618066310883,0.001413466758094728,0.8680340781114141,179.00763342146055
370,frame_000472.jpg,18,0.05348078906536102,0.1769169283782787,0.16679394245147705,0.00581707525998354,0.6076451905571629,181.8393903346007
371,frame_000473.jpg,18,0.05135658383369446,0.185027412862005,0.1752038598060608,0.003728166688233614,0.7121410628427824,175.7220471221301
372,frame_000474.jpg,18,0.048058778047561646,0.22281871320945368,0.21386080980300903,0.0084537323564291,0.4975146642426619,188.71029123655555
373,frame_000475.jpg,18,0.048096854239702225,0.2150781302451169,0.20635347068309784,0.0006816808599978685,0.9236729589920553,176.94969451698046
374,frame_000476.jpg,18,0.0540831983089447,0.16327663358883562,0.15256722271442413,0.010940814390778542,0.36173014365668443,258.53751142323586
375,frame_000477.jpg,18,0.05295398086309433,0.17426979627577271,0.16427908837795258,0.002277033170685172,0.806934139504508,231.87820395408164
376,frame_000478.jpg,18,0.05530606582760811,0.17006031552720163,0.1599418669939041,0.004399776924401522,0.7069879516747254,198.32526675183325
377,frame_000479.jpg,18,0.053195223212242126,0.1628295940845066,0.15348879992961884,0.0019719433039426804,0.8387598891119228,223.92607658457374
378,frame_000480.jpg,18,0.05466576665639877,0.1810072031138312,0.17153944075107574,0.002247442491352558,0.8073200542891825,203.22022371968063
379,frame_000481.jpg,18,0.051500897854566574,0.18760378903185154,0.1772564798593521,0.004156251437962055,0.6980160012101648,210.37447651072773
380,frame_000482.jpg,18,0.04928498715162277,0.20642131048551826,0.19600073993206024,0.0016206714790314436,0.8503617986377833,128.6947485471364
381,frame_000483.jpg,18,0.05111587792634964,0.19424137180803946,0.18452684581279755,0.002029677387326956,0.8364714407383561,170.82202876391295
382,frame_000484.jpg,18,0.0509074330329895,0.1996737711776399,0.18970231711864471,0.0008118624100461602,0.9207964612577783,141.43727848812168
383,frame_000485.jpg,18,0.05035687983036041,0.17632624014514253,0.16760237514972687,0.007922042161226273,0.5194751447304621,34.703112867008514
384,frame_000486.jpg,18,0.048132266849279404,0.2099856449152107,0.19963376224040985,0.005848415661603212,0.6195779435659537,44.45548392669608
385,frame_000487.jpg,18,0.05220269784331322,0.18336023369703378,0.17463095486164093,0.007649592589586973,0.6164021276862344,46.58352582782933
386,frame_000488.jpg,18,0.05281759798526764,0.17366588140469322,0.1652946025133133,0.0012521531898528337,0.8924902466520911,44.77910791427378
387,frame_000489.jpg,18,0.0516531877219677,0.18420455903638824,0.1745212823152542,0.0006665386608801782,0.9325229882676094,40.263586490555646
388,frame_000490.jpg,18,0.050587691366672516,0.18462162472232296,0.17446261644363403,0.00040230827289633453,0.9528066963914965,40.01741617604021
389,frame_000491.jpg,18,0.0498613640666008,0.18375587550844008,0.17351765930652618,0.0014956906670704484,0.8649164101235045,42.02643128348781
390,frame_000492.jpg,18,0.05064148083329201,0.16698312781573688,0.15813714265823364,0.00217267544940114,0.7994127990568103,40.58243021848595
391,frame_000493.jpg,18,0.05132381618022919,0.16422785027521536,0.15541674196720123,0.0005227276124060154,0.9393095673513217,37.99774595251446
392,frame_000494.jpg,18,0.04852166399359703,0.18037069820672583,0.17037160694599152,0.0058832429349422455,0.6251364904061985,41.6192989008123
393,frame_000495.jpg,18,0.050491198897361755,0.21572097943229582,0.20510049164295197,0.0066374787129461765,0.6021195335563942,8.287605042162832
394,frame_000496.jpg,18,0.04861360415816307,0.19176510036874958,0.18031810224056244,0.004244430921971798,0.6853879921632723,27.931255262752018
395,frame_000497.jpg,18,0.048037197440862656,0.19657075862255188,0.18680249154567719,0.0022259950637817383,0.8324529197483884,31.06416610340165
396,frame_000498.jpg,18,0.04768740013241768,0.20306969853794582,0.19270502030849457,0.003660418326035142,0.6991318191331625,22.177120983308086
397,frame_000499.jpg,18,0.0502956360578537,0.18405147340701977,0.1744946390390396,0.0017535749357193708,0.8194211718260013,43.921372144141486
398,frame_000510.jpg,18,0.3054681420326233,0.017222769900588193,0.02189178206026554,0.2416500747203827,0.09364676282477552,2350.4243993373943
399,frame_000511.jpg,18,0.30546772480010986,0.017247231791251153,0.02188096009194851,1.3920052879257128e-06,0.9995467005499074,2350.353739635632
400,frame_000512.jpg,18,0.3054996728897095,0.01725767890047297,0.021898426115512848,1.6698431863915175e-06,0.9995608388576351,2349.6381475203502
401,frame_000513.jpg,18,0.30555495619773865,0.01726479341111405,0.021897679194808006,1.2948557923664339e-06,0.9997734683263497,2349.4471605294357
402,frame_000514.jpg,18,0.30555760860443115,0.017250049024555954,0.02188720367848873,1.8068844553909003e-07,0.9999917223082214,2349.403294069808
403,frame_000515.jpg,18,0.30555760860443115,0.017250049024555954,0.02188720367848873,0.0,1.0,2349.403294069808
404,frame_000516.jpg,18,0.30555760860443115,0.017250049024555954,0.02188720367848873,0.0,1.0,2349.403294069808
405,frame_000517.jpg,18,0.30555760860443115,0.017250049024555954,0.02188720367848873,0.0,1.0,2349.403294069808
406,frame_000518.jpg,18,0.30555760860443115,0.017250049024555954,0.02188720367848873,0.0,1.0,2349.403294069808
407,frame_000519.jpg,18,0.30555760860443115,0.017250049024555954,0.02188720367848873,0.0,1.0,2349.403294069808
408,frame_000520.jpg,18,0.30555760860443115,0.017250049024555954,0.02188720367848873,0.0,1.0,2349.403294069808
409,frame_000521.jpg,18,0.30555760860443115,0.017250049024555954,0.02188720367848873,0.0,1.0,2349.403294069808
410,frame_000522.jpg,18,0.30555760860443115,0.017250049024555954,0.02188720367848873,0.0,1.0,2349.403294069808
411,frame_000523.jpg,18,0.30555760860443115,0.017250049024555954,0.02188720367848873,0.0,1.0,2349.403294069808
412,frame_000524.jpg,18,0.30555760860443115,0.017250049024555954,0.02188720367848873,0.0,1.0,2349.403294069808
413,frame_000525.jpg,18,0.30555760860443115,0.017250049024555954,0.02188720367848873,0.0,1.0,2349.403294069808
414,frame_000526.jpg,18,0.30555760860443115,0.017250049024555954,0.02188720367848873,0.0,1.0,2349.403294069808
415,frame_000527.jpg,18,0.30555760860443115,0.017250049024555954,0.02188720367848873,0.0,1.0,2349.403294069808
416,frame_000528.jpg,18,0.3055596947669983,0.017248657465702897,0.0218781977891922,1.7083274883589183e-07,0.9999725904445179,2349.3357103976987
417,frame_000529.jpg,18,0.3055601418018341,0.017247960176843654,0.021898562088608742,2.4357751726711285e-07,0.9999578723184398,2348.944450767231
418,frame_000530.jpg,18,0.3055601418018341,0.017247960176843654,0.021898562088608742,0.0,1.0,2348.944450767231
419,frame_000531.jpg,18,0.3055601418018341,0.017247960176843654,0.021898562088608742,0.0,1.0,2348.944450767231
420,frame_000532.jpg,18,0.3055601418018341,0.017247960176843654,0.021898562088608742,0.0,1.0,2348.944450767231
421,frame_000533.jpg,18,0.3055601418018341,0.017247960176843654,0.021898562088608742,0.0,1.0,2348.944450767231
422,frame_000534.jpg,18,0.3055601418018341,0.017247960176843654,0.021898562088608742,0.0,1.0,2348.944450767231
423,frame_000535.jpg,18,0.3055601418018341,0.017247960176843654,0.021898562088608742,0.0,1.0,2348.944450767231
424,frame_000536.jpg,18,0.3055601418018341,0.017247960176843654,0.021898562088608742,0.0,1.0,2348.944450767231
425,frame_000537.jpg,18,0.3055601418018341,0.017247960176843654,0.021898562088608742,0.0,1.0,2348.944450767231
426,frame_000538.jpg,18,0.3055601418018341,0.017247960176843654,0.021898562088608742,0.0,1.0,2348.944450767231
427,frame_000539.jpg,18,0.3055601418018341,0.017247960176843654,0.021898562088608742,0.0,1.0,2348.944450767231
