arquivo,texto_bruto,conf_media
frame_000000.jpg,,18.20
frame_000001.jpg,,18.20
frame_000002.jpg,,18.20
frame_000003.jpg,,18.20
frame_000004.jpg,,18.20
frame_000005.jpg,,18.20
frame_000006.jpg,,18.20
frame_000007.jpg,,18.20
frame_000008.jpg,,18.20
frame_000009.jpg,,18.20
frame_000010.jpg,,18.20
frame_000011.jpg,,18.20
frame_000012.jpg,,18.20
frame_000013.jpg,,18.20
frame_000014.jpg,,18.20
frame_000015.jpg,,18.20
frame_000016.jpg,,18.20
frame_000017.jpg,,18.20
frame_000018.jpg,,18.20
frame_000019.jpg,,18.20
frame_000020.jpg,,-1.00
frame_000021.jpg,3e Lorean,20.50
frame_000022.jpg,Be Lorean,21.61
frame_000023.jpg,Be Lorean,21.61
frame_000024.jpg,Be Lorean,21.61
frame_000025.jpg,Be Lorean,21.61
frame_000026.jpg,Be Lorean,21.61
frame_000027.jpg,Be Lorean,21.61
frame_000028.jpg,Be Lorean,21.61
frame_000029.jpg,Be Lorean,21.61
frame_000030.jpg,Be Lorean,21.61
frame_000031.jpg,Be Lorean,21.61
frame_000032.jpg,Be Lorean,21.61
frame_000033.jpg,Be Lorean,21.61
frame_000034.jpg,Be Lorean,21.61
frame_000035.jpg,Be Lorean,21.61
frame_000036.jpg,Be Lorean,21.61
frame_000037.jpg,Be Lorean,21.61
frame_000038.jpg,Be Lorean,21.61
frame_000039.jpg,Be Lorean,21.61
frame_000040.jpg,Be Lorean,21.61
frame_000041.jpg,Be Lorean,21.61
frame_000042.jpg,Be Lorean,21.61
frame_000043.jpg,,20.33
frame_000044.jpg,,20.33
frame_000045.jpg,,20.33
frame_000046.jpg,,20.33
frame_000047.jpg,,20.33
frame_000048.jpg,,20.33
frame_000049.jpg,,20.33
frame_000050.jpg,,20.33
frame_000051.jpg,,20.33
frame_000052.jpg,,20.33
frame_000053.jpg,,20.33
frame_000054.jpg,,20.33
frame_000055.jpg,,20.33
frame_000056.jpg,,20.33
frame_000057.jpg,,20.33
frame_000058.jpg,,20.33
frame_000059.jpg,,20.33
frame_000060.jpg,,20.33
frame_000061.jpg,,18.20
frame_000062.jpg,,18.20
frame_000063.jpg,,18.20
frame_000064.jpg,,18.20
frame_000065.jpg,,18.20
frame_000066.jpg,,18.20
frame_000067.jpg,,18.20
frame_000068.jpg,,18.20
frame_000069.jpg,,18.20
frame_000070.jpg,,18.20
frame_000071.jpg,,18.20
frame_000072.jpg,,18.20
frame_000073.jpg,,18.20
frame_000074.jpg,,18.20
frame_000075.jpg,,18.20
frame_000076.jpg,,18.20
frame_000077.jpg,,18.20
frame_000078.jpg,,18.20
frame_000079.jpg,,18.20
frame_000080.jpg,,18.20
frame_000081.jpg,,18.20
frame_000082.jpg,,18.20
frame_000083.jpg,,18.20
frame_000084.jpg,,18.20
frame_000085.jpg,,18.20
frame_000086.jpg,,18.20
frame_000087.jpg,,18.20
frame_000088.jpg,,18.20
frame_000089.jpg,,18.20
frame_000090.jpg,,18.20
frame_000091.jpg,,18.20
frame_000092.jpg,,18.20
frame_000093.jpg,,18.20
frame_000094.jpg,,18.20
frame_000095.jpg,,18.20
frame_000096.jpg,,18.20
frame_000097.jpg,,18.20
frame_000098.jpg,,18.20
frame_000099.jpg,,18.20
frame_000100.jpg,,18.20
frame_000101.jpg,,18.20
frame_000102.jpg,,18.20
frame_000103.jpg,,18.20
frame_000104.jpg,,18.20
frame_000105.jpg,,18.20
frame_000106.jpg,,18.20
frame_000107.jpg,,20.33
frame_000108.jpg,,20.33
frame_000109.jpg,,20.33
frame_000110.jpg,,20.33
frame_000111.jpg,,20.33
frame_000112.jpg,,20.33
frame_000113.jpg,,20.33
frame_000114.jpg,,20.33
frame_000115.jpg,,20.33
frame_000116.jpg,,20.33
frame_000117.jpg,,20.33
frame_000118.jpg,,18.20
frame_000119.jpg,,18.20
frame_000120.jpg,,18.20
frame_000121.jpg,,18.20
frame_000122.jpg,,18.20
frame_000123.jpg,,18.20
frame_000124.jpg,,18.20
frame_000125.jpg,,18.20
frame_000126.jpg,,18.20
frame_000127.jpg,,18.20
frame_000128.jpg,,18.20
frame_000129.jpg,,18.20
frame_000130.jpg,,18.20
frame_000131.jpg,,18.20
frame_000132.jpg,,18.20
frame_000133.jpg,,18.20
frame_000134.jpg,,18.20
frame_000135.jpg,,18.20
frame_000136.jpg,,18.20
frame_000137.jpg,,18.20
frame_000138.jpg,,18.20
frame_000139.jpg,,18.20
frame_000140.jpg,,18.20
frame_000141.jpg,,18.20
frame_000142.jpg,,18.20
frame_000143.jpg,,18.20
frame_000144.jpg,,18.20
frame_000145.jpg,,18.20
frame_000146.jpg,,18.20
frame_000147.jpg,,18.20
frame_000148.jpg,,18.20
frame_000149.jpg,,18.20
frame_000150.jpg,,18.20
frame_000151.jpg,,18.20
frame_000152.jpg,,18.20
frame_000153.jpg,,18.20
frame_000154.jpg,,18.20
frame_000155.jpg,,18.20
frame_000156.jpg,,18.20
frame_000157.jpg,,18.20
frame_000158.jpg,,18.20
frame_000159.jpg,,18.20
frame_000160.jpg,,18.20
frame_000161.jpg,,20.33
frame_000162.jpg,,20.33
frame_000163.jpg,,20.33
frame_000164.jpg,,20.33
frame_000165.jpg,,20.33
frame_000166.jpg,,20.33
frame_000167.jpg,,20.33
frame_000168.jpg,,20.33
frame_000169.jpg,,20.33
frame_000170.jpg,,20.33
frame_000171.jpg,,20.33
frame_000172.jpg,,20.33
frame_000173.jpg,,20.33
frame_000174.jpg,,20.33
frame_000175.jpg,,20.33
frame_000176.jpg,,20.33
frame_000177.jpg,,20.33
frame_000178.jpg,,20.33
frame_000179.jpg,,20.33
frame_000180.jpg,,20.33
frame_000181.jpg,,20.33
frame_000182.jpg,,20.33
frame_000183.jpg,,20.33
frame_000184.jpg,,18.20
frame_000185.jpg,,18.20
frame_000186.jpg,,18.20
frame_000187.jpg,,18.20
frame_000188.jpg,,18.20
frame_000189.jpg,,18.20
frame_000190.jpg,,18.20
frame_000191.jpg,,18.20
frame_000192.jpg,,18.20
frame_000193.jpg,,18.20
frame_000194.jpg,,18.20
frame_000195.jpg,,18.20
frame_000196.jpg,,18.20
frame_000197.jpg,,18.20
frame_000198.jpg,,18.20
frame_000199.jpg,,18.20
frame_000200.jpg,,18.20
frame_000201.jpg,,18.20
frame_000202.jpg,,18.20
frame_000203.jpg,,21.15
frame_000204.jpg,,21.15
frame_000205.jpg,,21.15
frame_000206.jpg,,21.15
frame_000207.jpg,,21.15
frame_000208.jpg,,21.15
frame_000209.jpg,,21.15
frame_000210.jpg,,21.15
frame_000211.jpg,,21.15
frame_000212.jpg,,21.15
frame_000213.jpg,,21.15
frame_000214.jpg,,18.20
frame_000215.jpg,,18.20
frame_000216.jpg,,18.20
frame_000217.jpg,,18.20
frame_000218.jpg,,18.20
frame_000219.jpg,,18.20
frame_000220.jpg,,18.20
frame_000221.jpg,,18.20
frame_000222.jpg,,18.20
frame_000223.jpg,,18.20
frame_000224.jpg,,18.20
frame_000225.jpg,cn,13.00
frame_000226.jpg,Es,14.56
frame_000227.jpg,Ee,14.11
frame_000228.jpg,Ee,14.11
frame_000229.jpg,Ee,14.11
frame_000230.jpg,Ee,14.11
frame_000231.jpg,Ee,14.11
frame_000232.jpg,Ee,14.11
frame_000233.jpg,Ee,14.11
frame_000234.jpg,Ee,14.11
frame_000235.jpg,Ee,14.11
frame_000236.jpg,Ee,14.11
frame_000237.jpg,Ee,14.11
frame_000238.jpg,Ee,14.11
frame_000239.jpg,Ee,14.11
frame_000240.jpg,Ee,14.11
frame_000241.jpg,Ee,14.11
frame_000242.jpg,Ee,14.11
frame_000243.jpg,Ee,14.11
frame_000244.jpg,,18.20
frame_000245.jpg,,18.20
frame_000246.jpg,,18.20
frame_000247.jpg,,18.20
frame_000248.jpg,,18.20
frame_000249.jpg,,18.20
frame_000250.jpg,,18.20
frame_000251.jpg,,18.20
frame_000252.jpg,,18.20
frame_000253.jpg,,18.20
frame_000254.jpg,,18.20
frame_000255.jpg,,18.20
frame_000256.jpg,,18.20
frame_000257.jpg,,18.20
frame_000258.jpg,,18.20
frame_000259.jpg,This guy's been trolling cops since 198B...,50.07
frame_000260.jpg,This guy's been trolling cops since 198B...,50.07
frame_000261.jpg,This guy's been trolling cops since 198B...,50.07
frame_000262.jpg,This guy's been trolling cops since 198B...,50.13
frame_000263.jpg,This guy's been trolling cops since 198B...,50.07
frame_000264.jpg,This guy's been trolling cops since 198B...,50.13
frame_000265.jpg,This guy's been trolling cops since 198B...,50.13
frame_000266.jpg,This guy's been trolling cops since 198B...,50.13
frame_000267.jpg,This guy's been trolling cops since 198B...,50.07
frame_000268.jpg,This guy's been trolling cops since 198B...,50.07
frame_000269.jpg,This guy's been trolling cops since 198B...,50.07
frame_000270.jpg,This guy's been trolling cops since 198B...,50.07
frame_000271.jpg,This guy's been trolling cops since 198B...,50.07
frame_000272.jpg,This guy's been trolling cops since 198B...,50.07
frame_000273.jpg,This guy's been trolling cops since 198B...,50.07
frame_000274.jpg,This guy's been trolling cops since 198B...,50.07
frame_000275.jpg,This guy's been trolling cops since 198B...,50.07
frame_000276.jpg,This guy's been trolling cops since 198B...,50.07
frame_000277.jpg,This guy's been trolling cops since 198B...,50.07
frame_000278.jpg,This guy's been trolling cops since 198B...,50.07
frame_000279.jpg,This guy's been trolling cops since 198B...,50.07
frame_000280.jpg,This guy's been trolling cops since 198B...,50.07
frame_000281.jpg,This guy's been trolling cops since 198B...,50.07
frame_000282.jpg,This guy's been trolling cops since 198B...,50.07
frame_000283.jpg,This guy's been trolling cops since 198B...,50.07
frame_000284.jpg,This guy's been trolling cops since 198B...,50.07
frame_000285.jpg,This guy's been trolling cops since 198B...,50.07
frame_000286.jpg,This guy's been trolling cops since 198B...,50.07
frame_000287.jpg,This guy's been trolling cops since 198B...,50.07
frame_000288.jpg,This guy's been trolling cops since 198B...,50.07
frame_000289.jpg,This guy's been trolling cops since 198B...,50.07
frame_000290.jpg,This guy's been trolling cops since 198B...,50.07
frame_000291.jpg,This guy's been trolling cops since 198B...,50.07
frame_000292.jpg,This guy's been trolling cops since 198B...,50.07
frame_000293.jpg,This guy's been trolling cops since 198B...,50.07
frame_000294.jpg,This guy's been trolling cops since 198B...,50.07
frame_000295.jpg,This guy's been trolling cops since 198B...,50.07
frame_000296.jpg,This guy's been trolling cops since 198B...,50.07
frame_000297.jpg,This guy's been trolling cops since 198B...,50.00
frame_000298.jpg,This guy's been trolling cops since 198B...,50.13
frame_000299.jpg,This guy's been trolling cops since 198B...,50.13
frame_000300.jpg,This guy's been trolling cops since 198B...,50.13
frame_000301.jpg,This guy's been trolling cops since 198B...,50.13
frame_000302.jpg,This guy's been trolling cops since 198B...,50.13
frame_000303.jpg,This guy's been trolling cops since 198B...,50.13
frame_000304.jpg,This guy's been trolling cops since 198B...,50.13
frame_000305.jpg,This guy's been trolling cops since 198B...,50.13
frame_000306.jpg,This guy's been trolling cops since 198B...,50.13
frame_000307.jpg,This guy's been trolling cops since 198B...,50.13
